Country Name,City,Year,PM2.5 (μg/m3),PM10 (μg/m3),NO2 (μg/m3),Updated Year,Id
Australia,Adelaide,2013,7.25,16.87,8,2018,1
Australia,Adelaide,2014,7.1,16.66,9,2018,2
Australia,Adelaide,2015,7.45,16.06,10,2018,3
Australia,Adelaide,2016,6.88,16.19,8,2018,4
Australia,Adelaide,2017,7.54,16.47,13,2022,5
Australia,Adelaide,2018,6.78,19.21,12,2022,6
Australia,Adelaide,2019,6.14,20.64,12,2022,7
Australia,Brisbane,2016,6.61,15.21,7,2018,8
Australia,Brisbane,2019,7.5,19.5,8,2022,9
Australia,Canberra,2019,13.9,21.93,9,2022,10
Australia,Central Coast,2019,10.5,21.1,8,2022,11
Australia,Darwin,2013,6.9,19.8,8,2018,12
Australia,Darwin,2014,8.1,21.7,8,2022,13
Australia,Darwin,2014,8.1,21.7,8,2018,14
Australia,Darwin,2015,8.6,22.4,5,2022,15
Australia,Darwin,2016,6.49,16.4,5,2022,16
Australia,Darwin,2016,6.5,16.4,5,2018,17
Australia,Darwin,2017,7,17,6,2022,18
Australia,Darwin,2018,8.7,17.95,4,2022,19
Australia,Darwin,2019,9.1,22.8,3,2022,20
Australia,Gladstone,2015,4.09,13.01,6,2018,21
Australia,Gladstone,2016,4.88,13.82,9,2018,22
Australia,Gladstone,2019,7.1,17.57,5,2022,23
Australia,Gold Coast,2019,8.3,19.7,6,2022,24
Australia,Gunnedah,2019,11.2,24.8,10,2022,25
Australia,Muswellbrook,2014,9.7,21.44,19,2018,26
Australia,Muswellbrook,2019,12.2,34.4,20,2022,27
Australia,Newcastle/Lower Hunter,2019,11.13,25.73,16,2022,28
Australia,Palmerston,2012,12,25.9,7,2018,29
Australia,Palmerston,2014,9.25,21.1,8,2022,30
Australia,Palmerston,2015,7.8,20.1,7,2022,31
Australia,Palmerston,2015,7.8,20.1,7,2018,32
Australia,Palmerston,2016,7.15,15.2,4,2022,33
Australia,Palmerston,2017,7.3,19.5,5,2022,34
Australia,Palmerston,2018,8.7,19.7,5,2022,35
Australia,Palmerston,2019,9.75,22,5,2022,36
Australia,Perth,2019,6.84,12.58,9,2022,37
Australia,Perth,2019,6.84,12.58,9,2022,38
Australia,Singleton,2016,7.85,19.3,17,2018,39
Australia,Singleton,2019,10.9,30.1,14,2022,40
Australia,Sydney,2016,7.88,16.51,15,2018,41
Australia,Sydney,2019,11.27,23.62,15,2022,42
Australia,Townsville,2019,7,20.2,4,2022,43
Australia,Wollongong/Illawarra,2013,7.75,16.92,12,2018,44
Australia,Wollongong/Illawarra,2014,7.01,17.05,11,2018,45
Australia,Wollongong/Illawarra,2019,8.8,22.53,10,2022,46
Australia,Wyong,2015,5.19,14.87,9,2018,47
Austria,Freistadt,2010,10.91,14.55,7,2022,48
Austria,Graz,2010,21.93,30,35,2022,49
Austria,Illmitz,2010,19.17,23.6,11,2022,50
Austria,Innsbruck,2010,16.11,22.83,29,2022,51
Austria,Klagenfurt,2010,18.12,24.87,38,2022,52
Austria,Linz,2010,20.49,27.8,34,2022,53
Austria,Salzburg,2010,18.23,24.66,40,2022,54
Austria,Sankt Pöelten,2010,19.29,27.46,32,2022,55
Austria,Stixneusiedl,2010,15.23,25,16,2022,56
Austria,Wels,2010,20.88,26.08,30,2022,57
Austria,Wien,2010,21.57,30.04,31,2022,58
Bahrain,Hidd,2019,36.72,119.46,56,2022,59
Bahrain,Sitra,2019,44.73,100.27,47,2022,60
Bangladesh,Barisal,2013,80,112,6,2018,61
Bangladesh,Barisal,2014,83,128,6,2018,62
Bangladesh,Barisal,2015,80,113,8,2018,63
Bangladesh,Barisal,2017,33.11,112.55,18,2022,64
Bangladesh,Barisal,2018,21.77,106.93,41,2022,65
Bangladesh,Chittagong,2013,66.05,113.45,26,2018,66
Bangladesh,Chittagong,2014,72.9,129,34,2018,67
Bangladesh,Chittagong,2015,65.6,91.05,44,2018,68
Bangladesh,Chittagong,2017,56.92,120.25,28,2022,69
Bangladesh,Chittagong,2017,56.92,120.25,28,2022,70
Bangladesh,Chittagong,2018,56.36,148.99,37,2022,71
Bangladesh,Dhaka,2013,85.83,142.33,62,2018,72
Bangladesh,Dhaka,2014,84.7,149.5,39,2018,73
Bangladesh,Dhaka,2015,81.57,146.5,74,2018,74
Bangladesh,Dhaka,2017,56.48,112.12,42,2022,75
Bangladesh,Dhaka,2018,108.73,189.25,37,2022,76
Bangladesh,Gazipur,2013,84.5,130,27,2018,77
Bangladesh,Gazipur,2014,89,154,52,2018,78
Bangladesh,Gazipur,2015,81.2,143,16,2018,79
Bangladesh,Gazipur,2017,62.61,131.52,43,2022,80
Bangladesh,Gazipur,2018,95.33,156.08,20,2022,81
Bangladesh,Khulna,2013,76,132,14,2018,82
Bangladesh,Khulna,2015,83.6,93.5,65,2018,83
Bangladesh,Khulna,2017,26.79,92,12,2022,84
Bangladesh,Khulna,2018,61.24,77.61,38,2022,85
Bangladesh,Narayangonj,2013,89.1,174,30,2018,86
Bangladesh,Narayangonj,2014,107,191,36,2018,87
Bangladesh,Narayangonj,2015,94.2,205,30,2018,88
Bangladesh,Narayangonj,2017,65.85,216.06,46,2022,89
Bangladesh,Narayangonj,2018,102.7,224.73,39,2022,90
Bangladesh,Rajshahi,2013,69.4,126,47,2018,91
Bangladesh,Rajshahi,2014,41.7,176,71,2018,92
Bangladesh,Rajshahi,2017,47.52,94.1,42,2022,93
Bangladesh,Sylhet,2013,59.1,105,15,2018,94
Bangladesh,Sylhet,2014,61.9,112,24,2018,95
Bangladesh,Sylhet,2015,61,111,46,2018,96
Bangladesh,Sylhet,2018,59.77,110.55,14,2022,97
Belgium,Antwerpen,2010,19.81,28.27,39,2022,98
Belgium,Brussels,2010,20.94,28.09,40,2022,99
Belgium,Bruxelles/Brussel,2010,16.98,27.06,30,2022,100
Belgium,Charleroi,2010,16.39,24.18,31,2022,101
Belgium,Corroy Le Grand,2010,15.21,20.89,23,2022,102
Belgium,Engis,2010,15.77,24.39,24,2022,103
Belgium,Evergem,2010,20.34,31.22,28,2022,104
Belgium,Gent,2010,20.52,31.25,30,2022,105
Belgium,Habay La Neuve,2010,11.8,16.23,13,2022,106
Belgium,Hasselt,2010,20.52,23.74,29,2022,107
Belgium,Liege,2010,14.85,27.03,30,2022,108
Belgium,Mons,2010,14.81,23.87,31,2022,109
Belgium,Namur,2019,9.4,17.95,24,2022,110
Belgium,Seraing,2010,17,25.6,31,2022,111
Belgium,Somme-Leuze,2010,12.67,17.61,16,2022,112
Belgium,Steenokkerzeel,2010,15.51,24.43,29,2022,113
Belgium,Veurne,2010,17.47,25.84,16,2022,114
Belgium,Vielsalm,2010,10.17,14.68,8,2022,115
Belgium,Viroinval,2010,11.2,16.29,9,2022,116
Brazil,Guarulhos,2018,17.06,28.35,28,2022,117
Brazil,Ibirite,2018,11.19,28.4,8,2022,118
Brazil,Ibirite,2019,12.31,27.76,11,2022,119
Brazil,Osasco,2018,21.62,39.16,45,2022,120
Brazil,Osasco,2019,20.71,43.13,45,2022,121
Brazil,Paulinia,2019,15.32,28.95,19,2022,122
Brazil,Piracicaba,2018,13.52,33.93,15,2022,123
Brazil,Piracicaba,2019,12.99,33.97,15,2022,124
Brazil,Ribeirao Preto,2019,13.94,32.52,9,2022,125
Brazil,Sao Caetano Do Sul,2018,17.64,28.67,34,2022,126
Brazil,Sao Caetano Do Sul,2019,16.91,28.17,30,2022,127
Brazil,Sao Jose Do Rio Preto,2018,14.79,27.05,21,2022,128
Brazil,Sao Jose Do Rio Preto,2019,14.81,26.09,19,2022,129
Brazil,Sao Paulo,2018,17.26,27.28,38,2022,130
Brazil,Sao Paulo,2019,16.67,29.01,39,2022,131
Brazil,Vila Velha,2018,10.02,18.08,16,2022,132
Bulgaria,Pernik,2010,31.8,59.19,32,2022,133
Bulgaria,Plovdiv,2010,34.99,58.7,41,2022,134
Bulgaria,Progled,2010,7.34,16.04,1,2022,135
Bulgaria,Ruse,2010,28.91,43,21,2022,136
Bulgaria,Sofia,2010,20.06,42.89,31,2022,137
Bulgaria,Stara Zagora,2010,23.69,36.42,22,2022,138
Bulgaria,Varna,2010,13.98,46.2,29,2022,139
Canada,Abbotsford,2015,6.6,13,16,2018,140
Canada,Abbotsford,2016,5,11.5,14,2022,141
Canada,Abbotsford,2017,6.5,12.5,16,2022,142
Canada,Abbotsford,2018,7,11.5,16,2022,143
Canada,Abbotsford,2019,5.5,11,15,2022,144
Canada,Brandon,2015,7.3,17.08,7,2018,145
Canada,Brandon,2017,7,17,9,2022,146
Canada,Brandon,2018,11,8,13,2022,147
Canada,Burnaby,2015,6.8,9,24,2018,148
Canada,Burnaby,2016,4.5,8.33,19,2022,149
Canada,Burnaby,2017,6,9.33,21,2022,150
Canada,Burnaby,2018,6,10,19,2022,151
Canada,Burnaby,2019,5,7.5,19,2022,152
Canada,Castlegar,2018,17,23,11,2022,153
Canada,Castlegar,2019,7,13,9,2022,154
Canada,Chilliwack,2015,6.6,12,17,2018,155
Canada,Chilliwack,2016,4,11,15,2022,156
Canada,Chilliwack,2017,7,12,15,2022,157
Canada,Chilliwack,2018,8,11,15,2022,158
Canada,Chilliwack,2019,6,10,15,2022,159
Canada,Fort Smith,2015,7.2,9.55,4,2018,160
Canada,Fort St John,2018,9,20,13,2022,161
Canada,Hope,2015,6.3,11,13,2018,162
Canada,Hope,2016,4,9,11,2022,163
Canada,Hope,2017,7,12,9,2022,164
Canada,Hope,2018,8,12,8,2022,165
Canada,Hope,2019,5,9,9,2022,166
Canada,Inuvik,2015,4.6,19.33,6,2018,167
Canada,Inuvik,2016,3,17,6,2022,168
Canada,Inuvik,2019,4,12,6,2022,169
Canada,Kelowna,2016,6,12,13,2022,170
Canada,Kelowna,2017,10,17,15,2022,171
Canada,Kelowna,2018,12,19,13,2022,172
Canada,Langdale,2015,6.3,9.73,10,2018,173
Canada,Langley,2015,7.3,11,12,2018,174
Canada,Langley,2016,5,9,11,2022,175
Canada,Langley,2017,7,10,11,2022,176
Canada,Langley,2018,7,11,11,2022,177
Canada,Langley,2019,6,10,11,2022,178
Canada,Marystown,2019,4,9,2,2022,179
Canada,Norman Wells,2016,4,18,4,2022,180
Canada,Norman Wells,2019,5,16,4,2022,181
Canada,Port Moody,2015,6.3,11,24,2018,182
Canada,Port Moody,2016,5,9,23,2022,183
Canada,Port Moody,2017,7,13,26,2022,184
Canada,Port Moody,2018,6,14,23,2022,185
Canada,Port Moody,2019,5,11,21,2022,186
Canada,Powell River,2016,2,6,4,2022,187
Canada,Prince George,2016,8,16,17,2022,188
Canada,Quesnel,2015,9.6,12.42,14,2018,189
Canada,Quesnel,2016,9,11,15,2022,190
Canada,Quesnel,2017,14,23,15,2022,191
Canada,Quesnel,2018,17,28,17,2022,192
Canada,Quesnel,2019,9,17,15,2022,193
Canada,Regina,2017,6,27,17,2022,194
Canada,Richmond,2015,6.05,13,24,2018,195
Canada,Richmond,2016,5,10,25,2022,196
Canada,Richmond,2017,6,11,27,2022,197
Canada,Richmond,2018,7,13,24,2022,198
Canada,Richmond,2019,5.5,12,25,2022,199
Canada,Smithers,2016,7,13,9,2022,200
Canada,Smithers,2017,8,13,9,2022,201
Canada,Smithers,2018,9,14,11,2022,202
Canada,Sudbury,2015,6.3,7.25,14,2018,203
Canada,Vernon,2017,11,24,19,2022,204
Canada,Vernon,2018,14,28,19,2022,205
Canada,Vernon,2019,8,22,17,2022,206
Canada,Williams Lake,2016,6,13,11,2022,207
Canada,Winnipeg,2015,5.95,22.36,13,2018,208
Canada,Winnipeg,2016,5.5,15,15,2022,209
Canada,Winnipeg,2017,5,12,10,2022,210
Canada,Winnipeg,2018,6,12,13,2022,211
Canada,Yellowknife,2015,8.5,15.58,6,2018,212
Canada,Yellowknife,2016,8,12,4,2022,213
Canada,Yellowknife,2017,5,19,8,2022,214
Canada,Yellowknife,2018,3,16,6,2022,215
Canada,Yellowknife,2019,4,15,2,2022,216
Chile,Calama,2019,6.83,37.07,16,2022,217
Chile,Chiguayante,2019,17.7,27.8,9,2022,218
Chile,Concon,2019,14.15,43.7,19,2022,219
Chile,Hualqui,2019,21.5,37.3,7,2022,220
Chile,Huasco,2019,11.07,36.2,16,2022,221
Chile,Puchuncavi,2019,14.53,39.17,16,2022,222
Chile,Quintero,2019,16.2,33.13,15,2022,223
Chile,Santiago,2019,25.42,72.21,44,2022,224
Chile,Talca,2019,20.33,41.8,17,2022,225
Chile,Talcahuano,2019,18.94,38.36,13,2022,226
Chile,Tome,2019,15.5,30.3,11,2022,227
Colombia,Itagui,2012,24,60,19,2018,228
Colombia,Itagui,2013,27.3,52,22,2018,229
Colombia,Itagui,2014,28.6,54.05,30,2018,230
Colombia,Itagui,2015,26.05,50.2,30,2018,231
Colombia,Medellin,2011,22,53,26,2018,232
Colombia,Medellin,2013,26.6,54.63,39,2018,233
Colombia,Medellin,2014,27.55,57.33,42,2018,234
Colombia,Medellin,2015,35.9,60.45,39,2018,235
Colombia,Santiago De Cali,2013,11.4,31.9,19,2018,236
Colombia,Santiago De Cali,2014,17.13,41.17,13,2018,237
Colombia,Santiago De Cali,2015,17.7,42.1,18,2018,238
Colombia,Santiago De Cali,2016,17.9,41.36,13,2018,239
Costa Rica,San Jose,2018,22,21.75,41,2022,240
Croatia,Rijeka,2018,10.94,24,12,2022,241
Cyprus,Ayia Marina,2010,15.71,30.32,3,2022,242
Cyprus,Nicosia,2010,23.29,57.51,34,2022,243
Cyprus,Nicosia,2016,13.97,31.57,17,2022,244
Cyprus,Nicosia,2017,14.77,33.63,18,2022,245
Cyprus,Nicosia,2018,14.5,35.7,17,2022,246
Czechia,Beroun,2010,18.25,30.71,36,2022,247
Czechia,Beroun,2013,12,27.35,29,2022,248
Czechia,Beroun,2014,12.48,27.63,25,2022,249
Czechia,Beroun,2015,14.46,27.7,25,2022,250
Czechia,Beroun,2016,17.45,24.82,27,2022,251
Czechia,Beroun,2017,18.73,27.42,26,2022,252
Czechia,Beroun,2018,22.56,31.05,27,2022,253
Czechia,Bohumin,2010,47.81,63.89,29,2022,254
Czechia,Bohunice,2019,17.98,22.96,22,2022,255
Czechia,Brno,2010,23.75,30.61,39,2022,256
Czechia,Brno,2013,21.07,24.48,27,2022,257
Czechia,Brno,2014,19,24,27,2022,258
Czechia,Brno,2015,17.68,23.86,26,2022,259
Czechia,Brno,2016,17.62,22.61,25,2022,260
Czechia,Brno,2017,18.82,22.89,25,2022,261
Czechia,Brno,2018,20.13,25.49,23,2022,262
Czechia,Brno-Židenice,2019,19.71,27.99,34,2022,263
Czechia,Ceske Budejovice,2010,19.08,23.16,17,2022,264
Czechia,Ceske Budejovice,2013,18.33,22.64,16,2022,265
Czechia,Ceske Budejovice,2014,16.89,21.58,15,2022,266
Czechia,Ceske Budejovice,2015,14.27,19.74,17,2022,267
Czechia,Ceske Budejovice,2016,18.53,21.75,16,2022,268
Czechia,Ceske Budejovice,2017,14.58,18.49,15,2022,269
Czechia,Ceske Budejovice,2018,15.98,19.84,15,2022,270
Czechia,Cesky Tesin,2016,26.03,32.88,22,2022,271
Czechia,Cesky Tesin,2017,27.03,34.81,22,2022,272
Czechia,Cesky Tesin,2018,29.67,38.44,23,2022,273
Czechia,Chystovice,2013,15.31,19.17,10,2022,274
Czechia,Chystovice,2014,13.71,18.56,8,2022,275
Czechia,Chystovice,2015,11.63,17.43,8,2022,276
Czechia,Chystovice,2016,11.26,16.43,6,2022,277
Czechia,Chystovice,2017,11.04,16.42,7,2022,278
Czechia,Chystovice,2018,14.56,22.61,5,2022,279
Czechia,Decin,2016,25.48,28.98,20,2022,280
Czechia,Decin,2017,22.91,27.3,21,2022,281
Czechia,Decin,2018,23.24,28.82,19,2022,282
Czechia,Doksany,2016,16.56,21.98,13,2022,283
Czechia,Doksany,2017,16.45,21.48,13,2022,284
Czechia,Doksany,2018,17.33,23.18,14,2022,285
Czechia,Dolni Lutyne,2010,50.21,66,20,2022,286
Czechia,Dolni Lutyne,2013,35.77,47,17,2022,287
Czechia,Dolni Lutyne,2014,36.19,48.04,17,2022,288
Czechia,Dolni Lutyne,2015,33.06,41.58,17,2022,289
Czechia,Dolni Lutyne,2016,31.64,39.71,16,2022,290
Czechia,Dolni Lutyne,2017,32.07,40.06,16,2022,291
Czechia,Dolni Lutyne,2018,35.76,43.58,16,2022,292
Czechia,Frydek-Mistek,2016,22.8,26.46,17,2022,293
Czechia,Frydek-Mistek,2017,24.97,29.7,18,2022,294
Czechia,Frydek-Mistek,2018,26.73,31.97,18,2022,295
Czechia,Hradec Kralove,2010,18.87,29.43,26,2022,296
Czechia,Hradec Kralove,2013,21.31,26,24,2022,297
Czechia,Hradec Kralove,2014,21.06,25.71,23,2022,298
Czechia,Hradec Kralove,2015,19.5,25.03,23,2022,299
Czechia,Hradec Kralove,2016,17.28,23.03,22,2022,300
Czechia,Hradec Kralove,2017,18.07,24.19,21,2022,301
Czechia,Hradec Kralove,2018,18.13,24.53,22,2022,302
Czechia,Jihlava,2010,18.55,24.33,16,2022,303
Czechia,Jihlava,2013,16.61,20.3,15,2022,304
Czechia,Jihlava,2014,15.91,20.29,15,2022,305
Czechia,Jihlava,2017,15.71,18.26,14,2022,306
Czechia,Jihlava,2018,18.66,21.76,12,2022,307
Czechia,Kadan,2010,15.42,28.83,16,2022,308
Czechia,Kadan,2016,15.45,22.31,12,2022,309
Czechia,Kadan,2017,14.55,20.53,12,2022,310
Czechia,Kadan,2018,18.75,26.06,13,2022,311
Czechia,Kamenny Ujezd,2016,17.23,21,9,2022,312
Czechia,Kamenny Ujezd,2017,16.54,21.51,10,2022,313
Czechia,Kamenny Ujezd,2018,16.5,21.7,11,2022,314
Czechia,Karvina,2016,27.13,33.82,21,2022,315
Czechia,Karvina,2017,27.01,35.3,21,2022,316
Czechia,Karvina,2018,30.09,39.05,20,2022,317
Czechia,Kladno,2010,16.66,33.61,24,2022,318
Czechia,Kladno,2013,12.39,29,20,2022,319
Czechia,Kladno,2014,11.75,29.71,20,2022,320
Czechia,Kladno,2015,12.3,25.94,16,2022,321
Czechia,Kladno,2016,15.66,22.74,16,2022,322
Czechia,Kladno,2017,17.12,26.4,15,2022,323
Czechia,Kladno,2018,18.98,27.4,16,2022,324
Czechia,Kromeriz,2016,16.58,20.99,10,2022,325
Czechia,Kromeriz,2017,18.48,22.89,9,2022,326
Czechia,Kromeriz,2018,20.77,26.26,9,2022,327
Czechia,Kutna Hora,2018,18.97,24.25,13,2022,328
Czechia,Liberec,2010,23.71,30.29,26,2022,329
Czechia,Liberec,2016,17.06,20.58,17,2022,330
Czechia,Liberec,2017,15.66,18.98,16,2022,331
Czechia,Liberec,2018,18.37,21.79,15,2022,332
Czechia,Marianske Radcice,2010,21.1,35.56,15,2022,333
Czechia,Marianske Radcice,2016,19.1,28.5,12,2022,334
Czechia,Marianske Radcice,2017,18.81,28.52,12,2022,335
Czechia,Marianske Radcice,2018,20.69,33.91,12,2022,336
Czechia,Mlada Boleslav,2015,17.27,23.88,19,2022,337
Czechia,Mlada Boleslav,2016,14.91,21.89,18,2022,338
Czechia,Mlada Boleslav,2018,19.17,24.67,18,2022,339
Czechia,Moravska Trebova,2016,19.09,24.93,17,2022,340
Czechia,Moravska Trebova,2017,19.01,24.4,18,2022,341
Czechia,Moravska Trebova,2018,23.1,28.74,18,2022,342
Czechia,Most,2013,21.76,31.44,21,2022,343
Czechia,Most,2014,22.43,32.5,22,2022,344
Czechia,Most,2015,18.67,28.07,20,2022,345
Czechia,Most,2016,18.44,26.34,21,2022,346
Czechia,Most,2017,18.32,25.78,21,2022,347
Czechia,Most,2018,21,31.31,22,2022,348
Czechia,Nošovice,2019,15.31,19.02,17,2022,349
Czechia,Olomouc,2013,24.58,31.87,22,2022,350
Czechia,Olomouc,2014,24.08,32.14,23,2022,351
Czechia,Olomouc,2015,23.92,30.37,23,2022,352
Czechia,Olomouc,2016,22.01,27.72,22,2022,353
Czechia,Olomouc,2017,23.45,30.38,23,2022,354
Czechia,Olomouc,2018,22.38,29.86,22,2022,355
Czechia,Opava,2016,21.87,24.74,14,2022,356
Czechia,Opava,2017,22.69,26.79,14,2022,357
Czechia,Opava,2018,24.54,31.21,15,2022,358
Czechia,Ostrava,2010,38.13,48.94,35,2022,359
Czechia,Ostrava,2013,31.62,41,26,2022,360
Czechia,Ostrava,2014,29.05,38.64,25,2022,361
Czechia,Ostrava,2015,25.69,32.81,25,2022,362
Czechia,Ostrava,2016,24.06,30.08,23,2022,363
Czechia,Ostrava,2017,24.29,30.4,20,2022,364
Czechia,Ostrava,2018,26.69,34.83,24,2022,365
Czechia,Pardubice,2010,22.08,29.37,20,2022,366
Czechia,Pardubice,2013,21.48,26.71,17,2022,367
Czechia,Pardubice,2014,20.87,26.68,17,2022,368
Czechia,Pardubice,2015,18.68,24.54,16,2022,369
Czechia,Pardubice,2016,16.87,22.15,16,2022,370
Czechia,Pardubice,2017,17.88,23.05,16,2022,371
Czechia,Pardubice,2018,18.66,23.46,16,2022,372
Czechia,Pilsen,2013,21.03,24.62,21,2022,373
Czechia,Pilsen,2014,21.11,25.14,19,2022,374
Czechia,Pilsen,2015,16.08,20.96,19,2022,375
Czechia,Pilsen,2016,17.36,20.55,16,2022,376
Czechia,Pilsen,2017,16.7,21.89,18,2022,377
Czechia,Pilsen,2018,16.34,21.51,17,2022,378
Czechia,Plzen,2010,22.89,24.23,18,2022,379
Czechia,Prague,2010,18.94,29.25,36,2022,380
Czechia,Prague,2013,17.56,26.71,32,2022,381
Czechia,Prague,2014,17.34,27.64,32,2022,382
Czechia,Prague,2015,16.2,23.1,30,2022,383
Czechia,Prague,2016,17.13,22.74,30,2022,384
Czechia,Prague,2017,18,25.07,29,2022,385
Czechia,Prague,2018,19.08,27.26,29,2022,386
Czechia,Prerov,2010,28,34.81,25,2022,387
Czechia,Rozdalovice,2016,16.38,21.33,9,2022,388
Czechia,Rozdalovice,2017,18.6,23.88,9,2022,389
Czechia,Rozdalovice,2018,19.09,23.89,9,2022,390
Czechia,Rychvald,2017,28.72,38.79,19,2022,391
Czechia,Rychvald,2018,31.41,39.57,19,2022,392
Czechia,Sedlec,2010,19.91,24.74,12,2022,393
Czechia,Sedlec,2013,20.26,23.26,10,2022,394
Czechia,Sedlec,2014,19.93,20.6,9,2022,395
Czechia,Sedlec,2016,15.22,18.83,8,2022,396
Czechia,Sedlec,2017,16.04,19.95,9,2022,397
Czechia,Sedlec,2018,18.48,22.96,7,2022,398
Czechia,Sokolov,2010,16.04,21.75,17,2022,399
Czechia,Sokolov,2013,13.43,17.75,15,2022,400
Czechia,Sokolov,2014,14.72,18.28,14,2022,401
Czechia,Sokolov,2015,13.48,17.12,14,2022,402
Czechia,Sokolov,2016,12,16.71,14,2022,403
Czechia,Sokolov,2017,13.01,17.05,15,2022,404
Czechia,Sokolov,2018,15,20.38,14,2022,405
Czechia,Stachy,2016,4.22,7.21,3,2022,406
Czechia,Stachy,2017,4.45,7.16,3,2022,407
Czechia,Stachy,2018,6.77,9.97,3,2022,408
Czechia,Studenka,2013,29.06,36.32,16,2022,409
Czechia,Studenka,2014,25.87,34.72,15,2022,410
Czechia,Studenka,2016,22.54,27.32,14,2022,411
Czechia,Studenka,2017,24.21,29.25,15,2022,412
Czechia,Studenka,2018,25.54,31.79,16,2022,413
Czechia,Šumperk,2019,14.99,18.87,18,2022,414
Czechia,Svratouch,2010,10.94,14.72,9,2022,415
Czechia,Teplice,2010,22.74,32.17,22,2022,416
Czechia,Trinec,2010,36.14,44.37,23,2022,417
Czechia,Trinec,2013,30.55,34.56,18,2022,418
Czechia,Trinec,2014,27.56,30.79,16,2022,419
Czechia,Trinec,2015,24.7,28.06,16,2022,420
Czechia,Trinec,2016,23.54,28.28,15,2022,421
Czechia,Trinec,2017,26.18,31.74,15,2022,422
Czechia,Trinec,2018,26.45,33.17,15,2022,423
Czechia,Usti Nad Labem,2010,19.28,30.72,30,2022,424
Czechia,Usti Nad Labem,2013,18.14,25.8,20,2022,425
Czechia,Usti Nad Labem,2014,18.68,28.38,19,2022,426
Czechia,Usti Nad Labem,2015,15.36,25.62,23,2022,427
Czechia,Usti Nad Labem,2016,14.73,23.7,22,2022,428
Czechia,Usti Nad Labem,2017,15.67,23.97,22,2022,429
Czechia,Usti Nad Labem,2018,17.44,25.45,21,2022,430
Czechia,Zlin,2010,27.12,33.64,18,2022,431
Czechia,Zlin,2013,21.69,28.33,16,2022,432
Czechia,Zlin,2014,19.22,24.34,15,2022,433
Czechia,Zlin,2016,19.57,23.83,14,2022,434
Czechia,Zlin,2017,21.17,26.78,14,2022,435
Czechia,Zlin,2018,21.63,26,14,2022,436
Czechia,Zlin,2019,17.63,22.81,16,2022,437
Czechia,Znojmo,2010,22.82,27.74,18,2022,438
Czechia,Znojmo,2013,19.94,23.12,17,2022,439
Czechia,Znojmo,2014,18.48,23.62,17,2022,440
Czechia,Znojmo,2016,15,19.85,13,2022,441
Czechia,Znojmo,2017,17.31,21.32,14,2022,442
Czechia,Znojmo,2018,19.51,25.45,15,2022,443
Denmark,Arhus,2010,14.45,24.68,30,2022,444
Denmark,Copenhagen,2010,13.49,19.38,37,2022,445
Estonia,Kohtla-Jarve,2013,6.44,16.95,7,2022,446
Estonia,Kohtla-Jarve,2014,6.73,14.66,6,2022,447
Estonia,Kohtla-Jarve,2016,5.45,11.96,6,2022,448
Estonia,Kohtla-Jarve,2017,4.06,10.81,5,2022,449
Estonia,Kohtla-Jarve,2018,5.36,14.54,6,2022,450
Estonia,Kohtla-Jarve,2019,4.01,11.02,5,2022,451
Estonia,Kohtla-Järve,2019,4,11,5,2022,452
Estonia,Narva,2010,8.71,15.22,12,2022,453
Estonia,Narva,2013,7.64,14.5,11,2022,454
Estonia,Narva,2014,8.89,16.41,10,2022,455
Estonia,Narva,2015,5.93,12.28,9,2022,456
Estonia,Narva,2016,5,10.67,9,2022,457
Estonia,Narva,2017,4.34,9.38,7,2022,458
Estonia,Narva,2018,5.43,12.91,8,2022,459
Estonia,Narva,2019,4.79,9.99,8,2022,460
Estonia,Palmse,2010,6.09,9.48,3,2022,461
Estonia,Palmse,2014,5.75,7.59,3,2022,462
Estonia,Palmse,2015,5.2,6.42,2,2022,463
Estonia,Palmse,2016,5.22,5.69,2,2022,464
Estonia,Palmse,2017,3.98,5.11,2,2022,465
Estonia,Palmse,2018,6.75,7.14,2,2022,466
Estonia,Palmse,2019,5.49,5.46,2,2022,467
Estonia,Tallinn,2010,6.32,14.4,17,2022,468
Estonia,Tallinn,2013,8.22,13.75,17,2022,469
Estonia,Tallinn,2014,8.36,14.71,15,2022,470
Estonia,Tallinn,2015,6.29,12.05,13,2022,471
Estonia,Tallinn,2016,5.27,12.13,14,2022,472
Estonia,Tallinn,2017,4.93,11.4,12,2022,473
Estonia,Tallinn,2018,6.16,14.79,14,2022,474
Estonia,Tallinn,2019,4.62,12.67,12,2022,475
Estonia,Tartu,2010,12.07,17.35,15,2022,476
Estonia,Tartu,2013,8.11,17.26,13,2022,477
Estonia,Tartu,2014,9.23,18.34,12,2022,478
Estonia,Tartu,2015,8.95,18.59,11,2022,479
Estonia,Tartu,2016,5.93,16.6,12,2022,480
Estonia,Tartu,2017,7.34,15.23,10,2022,481
Estonia,Tartu,2018,7.26,16.21,11,2022,482
Estonia,Tartu,2019,5.4,15.1,10,2022,483
Finland,Espoo,2010,8.48,14.74,18,2022,484
Finland,Helsinki,2010,10.23,19.23,36,2022,485
Finland,Kuopio,2010,7.63,16.95,24,2022,486
Finland,Lahti,2010,8.68,16.78,23,2022,487
Finland,Lappeenranta,2010,9.3,18.09,13,2022,488
Finland,Oulu,2010,8.19,12.86,21,2022,489
Finland,Tampere,2010,9.45,18.05,18,2022,490
Finland,Vaasa,2010,7.02,13.4,21,2022,491
Finland,Vantaa,2010,9.35,16.16,30,2022,492
Finland,Virolahti,2010,8.7,12.15,6,2022,493
France,Aix-En-Provence,2010,14.92,28.13,31,2022,494
France,Angers,2010,15.99,22.21,21,2022,495
France,Angouleme,2010,19.16,25.54,21,2022,496
France,Annecy,2010,21.22,28.6,28,2022,497
France,Avignon,2010,14.8,28.24,20,2022,498
France,Bassens,2010,19.4,21.2,20,2022,499
France,Bastia,2010,11.23,19.94,21,2022,500
France,Besancon,2010,14.2,23.34,31,2022,501
France,Biarritz,2010,13.75,27.7,16,2022,502
France,Billere,2010,14.49,20.55,17,2022,503
France,Bobigny,2010,18.7,26.3,35,2022,504
France,Brest,2010,14.68,25,27,2022,505
France,Caen,2010,16.3,24.22,27,2022,506
France,Calais,2010,18.82,26.2,29,2022,507
France,Cannes,2010,19.92,27.11,29,2022,508
France,Chambery,2010,17.49,21.68,25,2022,509
France,Clermont-Ferrand,2010,15.36,21.89,29,2022,510
France,Creil,2010,18.05,24.53,24,2022,511
France,Dijon,2010,13.27,21.93,28,2022,512
France,Douai,2010,23.54,26.98,25,2022,513
France,Dunkerque,2010,16.54,25.28,19,2022,514
France,Echirolles,2010,22.92,36.18,49,2022,515
France,Fort-De-France,2010,19.13,34.23,19,2022,516
France,Gaillard,2010,15.47,27.44,25,2022,517
France,Gennevilliers,2010,18.44,27.94,35,2022,518
France,Grenoble,2010,19.48,28.41,41,2022,519
France,Jonville-En-Woevre,2010,20.96,23.51,10,2022,520
France,La Rochelle,2010,13.94,23.45,18,2022,521
France,La Tardiere,2010,14.99,20.21,13,2022,522
France,Le Havre,2010,16.85,25.01,28,2022,523
France,Le Mans,2010,15.49,24.68,34,2022,524
France,Lille,2010,22.4,27.92,31,2022,525
France,Lyon,2010,21.61,28.01,44,2022,526
France,Marseille,2010,18.06,33.14,48,2022,527
France,Metz,2010,18.98,21.04,25,2022,528
France,Montbeliard,2010,21.99,28.49,22,2022,529
France,Montpellier,2010,13.97,23.7,36,2022,530
France,Mulhouse,2010,20.82,25.67,26,2022,531
France,Nancy,2010,17.6,23.57,32,2022,532
France,Nantes,2010,18.52,23.66,29,2022,533
France,Nimes,2010,15.06,20.8,18,2022,534
France,Peyrusse-Vieille,2010,13.51,21.51,3,2022,535
France,Poitiers,2010,17.43,21.96,23,2022,536
France,Reims,2010,19.69,25.25,26,2022,537
France,Rognac,2010,25.97,31.92,16,2022,538
France,Rouen,2010,18.44,28.13,39,2022,539
France,Saint-Chamond,2010,20.17,25.58,33,2022,540
France,Saint-Denis,2010,6.93,29.44,38,2022,541
France,Saint-Etienne,2010,21.73,24.97,32,2022,542
France,Saint-Jean-De-Braye,2010,19.18,21.6,17,2022,543
France,Saint-Nazaire,2010,12.68,26.15,15,2022,544
France,Saint-Quentin,2010,20.08,26.59,25,2022,545
France,Sainte-Savine,2010,17.4,24.16,19,2022,546
France,Strasbourg,2010,18.74,25.91,43,2022,547
France,Talence,2010,18.09,25.86,22,2022,548
France,Thionville,2010,22.36,24.72,22,2022,549
France,Toulon,2010,16.5,35.16,38,2022,550
France,Toulouse,2010,16.37,22.88,36,2022,551
France,Vaulx-En-Velin,2010,22.87,27.67,26,2022,552
France,Vitry-Sur-Seine,2010,18.31,26.19,37,2022,553
Germany,Augsburg,2010,15.99,27.95,42,2022,554
Germany,Bad Arolsen/Kohlgrund,2010,13.36,16.88,10,2022,555
Germany,Bad Lauterberg Im Harz,2010,18.4,22.43,45,2022,556
Germany,Belau,2010,16.21,19.68,13,2022,557
Germany,Berlin,2010,21.33,28.62,33,2022,558
Germany,Bosel,2010,15.26,20.98,13,2022,559
Germany,Brandenburg An Der Havel,2010,20.22,22.16,16,2022,560
Germany,Braunlage,2010,6.34,8.47,7,2022,561
Germany,Bremen,2010,15,22.61,27,2022,562
Germany,Brunbuttel,2010,17.14,23.14,24,2022,563
Germany,Buckow,2010,21.03,24.4,9,2022,564
Germany,Burg (Bei Magdeburg),2010,21.04,25.61,17,2022,565
Germany,Chemnitz,2010,19.56,25.41,36,2022,566
Germany,Collm,2010,13.69,17.84,13,2022,567
Germany,Cottbus,2010,23.28,29,29,2022,568
Germany,Dornbock,2010,20.41,23.91,11,2022,569
Germany,Dortmund,2010,19.81,29.12,48,2022,570
Germany,Dresden,2010,19.31,27.93,38,2022,571
Germany,Duisburg,2010,23.89,30.31,36,2022,572
Germany,Dusseldorf,2010,17.79,31.72,49,2022,573
Germany,Eberswalde,2010,22.41,31.4,28,2022,574
Germany,Eisenhuttenstadt,2010,22.23,26.71,14,2022,575
Germany,Elsterwerda,2010,22.98,27.98,17,2022,576
Germany,Erfurt,2010,16.84,26.84,33,2022,577
Germany,Essen,2010,18.7,28.49,45,2022,578
Germany,Frankfurt,2010,20.75,31.99,46,2022,579
Germany,Frankfurt A. Main,2010,18.66,20.66,39,2022,580
Germany,Freiburg,2010,13.62,18.45,22,2022,581
Germany,Freiburg Im Breisgau,2010,18.34,26.15,70,2022,582
Germany,Fulda,2010,19.27,22.11,35,2022,583
Germany,Giessen,2010,19.44,27.53,46,2022,584
Germany,Goettingen,2010,13.24,16.59,16,2022,585
Germany,Gottingen,2010,17.9,26.93,41,2022,586
Germany,Greiz,2010,18.51,24.29,20,2022,587
Germany,Gustrow,2010,14.62,19.79,11,2022,588
Germany,Halle (Saale),2010,20.39,30.09,38,2022,589
Germany,Hamburg,2010,17.4,23.03,34,2022,590
Germany,Hannover,2010,16.47,24.73,36,2022,591
Germany,Harzgerode,2010,14.96,16.93,6,2022,592
Germany,Heppenheim (Bergstrasse),2010,20.23,25.43,37,2022,593
Germany,Hortenkopf,2010,9.13,12.9,9,2022,594
Germany,Kaiserslautern,2010,14.06,20.92,28,2022,595
Germany,Karlsruhe,2010,17.14,23.1,35,2022,596
Germany,Kassel,2010,16.81,24.75,38,2022,597
Germany,Kiel,2010,16.83,21.94,37,2022,598
Germany,Koblenz,2010,16.2,24.04,43,2022,599
Germany,Koln,2010,19.31,29.62,53,2022,600
Germany,Konigs Wusterhausen,2010,20.43,24.98,19,2022,601
Germany,Leipzig,2010,18.92,28.17,38,2022,602
Germany,Lingen (Ems),2010,15.36,19.18,16,2022,603
Germany,Lubeck,2010,14.37,19.53,15,2022,604
Germany,Luchow,2010,12.99,16.88,12,2022,605
Germany,Ludwigshafen,2010,16.97,23.43,39,2022,606
Germany,Magdeburg,2010,21.4,29.89,38,2022,607
Germany,Mainz,2010,16.59,20.8,42,2022,608
Germany,Mannheim,2010,18.02,23.96,35,2022,609
Germany,Marburg,2010,19.66,21.8,34,2022,610
Germany,Monchengladbach,2010,17.89,24.84,27,2022,611
Germany,Munchen,2010,18.5,28.85,57,2022,612
Germany,Nauen,2010,20.64,26.7,13,2022,613
Germany,Neuwied,2010,15.88,20.26,30,2022,614
Germany,Nurnberg,2010,17.71,26.13,39,2022,615
Germany,Osnabruck,2010,17.98,28.08,50,2022,616
Germany,Osnabrueck,2010,15.36,20.25,20,2022,617
Germany,Potsdam,2010,20.51,27.14,31,2022,618
Germany,Rinteln,2010,14.46,19.06,14,2022,619
Germany,Rostock,2010,12.55,24.62,30,2022,620
Germany,Saarbrucken,2010,13.28,24.76,29,2022,621
Germany,Salzgitter,2010,14.77,20.87,17,2022,622
Germany,Soest,2010,17.34,20.54,17,2022,623
Germany,Stuttgart,2010,20.98,28.75,67,2022,624
Germany,Trier,2010,16.62,22.75,39,2022,625
Germany,Wesel,2010,16.15,23.54,24,2022,626
Germany,Wiesbaden,2010,16.95,19.99,47,2022,627
Germany,Wilhelmshaven,2010,12.41,16.95,12,2022,628
Germany,Wittenberge,2010,17.37,20.8,13,2022,629
Germany,Wuppertal,2010,16.36,26.69,57,2022,630
Germany,Zella-Mehlis,2010,14.29,18.26,13,2022,631
Greece,Ioannina,2019,19.69,29.51,21,2022,632
Hungary,Budapest,2010,22.49,33.74,34,2022,633
Hungary,Esztergom,2010,22.75,29.84,18,2022,634
Hungary,Gyor,2010,18.6,27.82,31,2022,635
Hungary,Szeged,2010,22.73,32.97,27,2022,636
Iceland,Hafnarfjordur,2010,5.41,10.82,3,2022,637
Iceland,Reykjavik,2010,10.06,19.22,12,2022,638
India,Adilabad,2016,32,63,19,2022,639
India,Adilabad,2017,31,65,20,2022,640
India,Adilabad,2018,33,69,23,2022,641
India,Adilabad,2019,45,74,25,2022,642
India,Agartala,2017,39.5,61.5,17,2022,643
India,Agartala,2018,42,75.5,18,2022,644
India,Agartala,2019,42.5,76.5,11,2022,645
India,Agra,2017,123.5,184.5,19,2022,646
India,Agra,2018,105.75,209,22,2022,647
India,Agra,2019,109.67,185.83,25,2022,648
India,Ahmedabad,2016,33.75,108,28,2022,649
India,Ahmedabad,2017,37.78,120.11,29,2022,650
India,Ahmedabad,2018,73.22,236,29,2022,651
India,Ahmedabad,2019,37.11,135.33,25,2022,652
India,Amlai,2016,26.5,73,23,2022,653
India,Amlai,2017,30,82,25,2022,654
India,Amlai,2018,29,90.5,21,2022,655
India,Amona,2016,25,72,11,2022,656
India,Amona,2017,22,67,14,2022,657
India,Amona,2018,20,62,12,2022,658
India,Amona,2019,38,72,14,2022,659
India,Anantapur,2018,34,71.25,19,2022,660
India,Anantapur,2019,29.75,66.75,15,2022,661
India,Angul,2017,45.5,94.5,26,2022,662
India,Angul,2018,49.5,101,25,2022,663
India,Angul,2019,47.5,99.5,27,2022,664
India,Anklesvar,2016,32.5,104,21,2022,665
India,Anklesvar,2017,35,107.5,25,2022,666
India,Anklesvar,2018,46,148.5,25,2022,667
India,Anklesvar,2019,36,114.5,26,2022,668
India,Asansol,2016,88,210.67,42,2022,669
India,Asansol,2017,67,163,37,2022,670
India,Asansol,2018,58,145.33,35,2022,671
India,Asansol,2019,81,184.33,44,2022,672
India,Assanora,2016,21,62,11,2022,673
India,Assanora,2017,17,52,14,2022,674
India,Assanora,2018,18,56,13,2022,675
India,Assanora,2019,30,57,14,2022,676
India,Bagalkote,2016,24,59,11,2022,677
India,Bagalkote,2017,37,54,14,2022,678
India,Bagalkote,2018,35,65,13,2022,679
India,Bagalkote,2019,29,45,17,2022,680
India,Baghpat,2019,92,171.5,21,2022,681
India,Balasore,2016,47,85,12,2022,682
India,Balasore,2017,45,83,11,2022,683
India,Balasore,2018,47,85.67,11,2022,684
India,Balasore,2019,46.33,86,11,2022,685
India,Bangalore,2016,51.2,103,31,2022,686
India,Bangalore,2017,46.14,91.56,31,2022,687
India,Bangalore,2018,47.4,89.75,30,2022,688
India,Bangalore,2019,32.38,78.62,26,2022,689
India,Barrackpore,2016,59,106,55,2022,690
India,Barrackpore,2017,44,90,47,2022,691
India,Barrackpore,2018,44,108.33,50,2022,692
India,Barrackpore,2019,66,115,28,2022,693
India,Begusarai,2017,68,126,23,2022,694
India,Begusarai,2018,58,108,21,2022,695
India,Begusarai,2019,55,117,22,2022,696
India,Belgaum,2017,53,95,17,2022,697
India,Belgaum,2018,50,89,15,2022,698
India,Belgaum,2019,38,87,16,2022,699
India,Berhampur,2016,36,58,19,2022,700
India,Berhampur,2017,35,61,19,2022,701
India,Berhampur,2018,33,64,19,2022,702
India,Berhampur,2019,26,65,19,2022,703
India,Bhopal,2016,26.57,88.71,15,2022,704
India,Bhopal,2017,41.5,92.71,15,2022,705
India,Bhopal,2018,58.57,134.57,14,2022,706
India,Bhopal,2019,48,160.75,17,2022,707
India,Bhubneshwar,2016,36.17,105.17,20,2022,708
India,Bhubneshwar,2017,35.83,91,18,2022,709
India,Bhubneshwar,2018,31.67,98.83,17,2022,710
India,Bhubneshwar,2019,29.33,98.83,16,2022,711
India,Bicholim,2016,25,70,12,2022,712
India,Bicholim,2017,20,62,14,2022,713
India,Bicholim,2018,23,70,13,2022,714
India,Bicholim,2019,31,63,14,2022,715
India,Bidar,2018,41,82,14,2022,716
India,Bidar,2019,39,71,9,2022,717
India,Bijapur,2016,40,93,12,2022,718
India,Bijapur,2017,39,94,14,2022,719
India,Bijapur,2018,31,76,14,2022,720
India,Bilaspur,2018,20,42,12,2022,721
India,Bilaspur,2019,27,47,12,2022,722
India,Bonaigarh,2018,36,99,12,2022,723
India,Bonaigarh,2019,51,118,16,2022,724
India,Byrnihat,2019,7,103,13,2022,725
India,Chandigarh,2017,63.8,108.8,16,2022,726
India,Chandigarh,2018,49.8,102,17,2022,727
India,Chandigarh,2019,63.2,96.6,19,2022,728
India,Chennai,2016,25.33,65.09,18,2022,729
India,Chennai,2017,32,61.9,17,2022,730
India,Chennai,2018,34.38,78,16,2022,731
India,Chennai,2019,36,73.09,19,2022,732
India,Chhindwara,2016,52,80,31,2022,733
India,Chhindwara,2017,41,65,18,2022,734
India,Chhindwara,2018,48,82.5,15,2022,735
India,Chhindwara,2019,35.5,78,14,2022,736
India,Chitoor,2018,27,62,24,2022,737
India,Chitoor,2019,26.33,54.2,19,2022,738
India,Chitradurga,2017,20,46,6,2022,739
India,Codli,2016,24,64,11,2022,740
India,Codli,2017,21,66,13,2022,741
India,Codli,2018,20,61,12,2022,742
India,Codli,2019,32,60,14,2022,743
India,Coimbatore,2016,35,59.33,24,2022,744
India,Coimbatore,2017,33.67,49,26,2022,745
India,Coimbatore,2018,32,53.67,23,2022,746
India,Coimbatore,2019,37.33,56.67,18,2022,747
India,Cuddalore,2016,35,47.67,17,2022,748
India,Cuddalore,2018,31.33,52.33,17,2022,749
India,Cuddalore,2019,32,55.33,19,2022,750
India,Cuncolim,2016,35,67,15,2022,751
India,Cuncolim,2017,45,84,15,2022,752
India,Cuncolim,2018,42,77,15,2022,753
India,Cuncolim,2019,38,80,14,2022,754
India,Curchorem,2016,21,49,11,2022,755
India,Curchorem,2017,28,58,13,2022,756
India,Curchorem,2018,32,57,13,2022,757
India,Cuttack,2016,42,81,30,2022,758
India,Cuttack,2017,43.33,86.67,32,2022,759
India,Cuttack,2018,50,113.67,31,2022,760
India,Cuttack,2019,46.67,105.67,20,2022,761
India,Daman,2016,68,34,29,2022,762
India,Daman,2017,32,106,24,2022,763
India,Daman,2018,40,115,31,2022,764
India,Daman,2019,36,95.5,25,2022,765
India,Damtal,2018,26,62.5,10,2022,766
India,Damtal,2019,20.5,48.5,9,2022,767
India,Darjeeling,2017,21,56,15,2022,768
India,Darjeeling,2018,20,36,14,2022,769
India,Darjeeling,2019,24,57,30,2022,770
India,Dawki,2019,7,53,13,2022,771
India,Delhi,2016,115.43,276.11,67,2022,772
India,Delhi,2017,101.33,240.44,68,2022,773
India,Delhi,2018,121,224.67,74,2022,774
India,Delhi,2019,105,198.78,71,2022,775
India,Devanagere,2017,22.33,86.67,8,2022,776
India,Devanagere,2018,17.5,44,7,2022,777
India,Devanagere,2019,16,69.67,11,2022,778
India,Dewas,2018,48.67,68,20,2022,779
India,Dewas,2019,46,79,26,2022,780
India,Dharamshala,2018,22.5,38.5,7,2022,781
India,Dharamshala,2019,15.5,36.5,6,2022,782
India,Durgapur,2016,74,195.75,41,2022,783
India,Durgapur,2017,69,154.5,36,2022,784
India,Durgapur,2018,71,141,34,2022,785
India,Durgapur,2019,73,173.25,41,2022,786
India,Eluru,2019,19,63.25,19,2022,787
India,Ghaziabad,2018,103,245,43,2022,788
India,Ghaziabad,2019,100.67,207.75,36,2022,789
India,Greater Noida,2019,94.5,189.5,26,2022,790
India,Gulburga,2018,41,55,14,2022,791
India,Gulburga,2019,46,87,13,2022,792
India,Guntur,2019,22.75,52.75,19,2022,793
India,Guwahati,2018,66.5,111.83,18,2022,794
India,Guwahati,2019,26.67,96.67,16,2022,795
India,Gwalior,2017,47.5,110,17,2022,796
India,Gwalior,2018,62.5,134,21,2022,797
India,Gwalior,2019,57.5,139,24,2022,798
India,Haldia,2016,42,103.25,42,2022,799
India,Haldia,2017,35,97.25,40,2022,800
India,Haldia,2018,33,98.5,38,2022,801
India,Haldia,2019,35,85.75,38,2022,802
India,Hapur,2019,111,228,25,2022,803
India,Hassan,2017,29,31,19,2022,804
India,Hassan,2018,27,33,19,2022,805
India,Hassan,2019,25,37,20,2022,806
India,Honda,2016,22,65,10,2022,807
India,Honda,2017,27,86,14,2022,808
India,Honda,2018,20,62,13,2022,809
India,Honda,2019,32,63,14,2022,810
India,Howrah,2016,67,119,59,2022,811
India,Howrah,2018,97,178.75,73,2022,812
India,Howrah,2019,68,174.5,40,2022,813
India,Hubli-Dharwad,2016,35.5,83.5,20,2022,814
India,Hubli-Dharwad,2018,25.5,75,23,2022,815
India,Hubli-Dharwad,2019,22,69,19,2022,816
India,Hyderabad,2017,53.62,107.5,29,2022,817
India,Hyderabad,2018,54.75,105,30,2022,818
India,Hyderabad,2019,40.12,98.8,37,2022,819
India,Hydrabad,2016,57.75,101,27,2022,820
India,Indore,2016,53.33,95.33,20,2022,821
India,Indore,2017,43.67,80,21,2022,822
India,Indore,2018,41.33,88.33,19,2022,823
India,Indore,2019,37.33,77,18,2022,824
India,Jabalpur,2016,31.5,71,23,2022,825
India,Jabalpur,2017,22.5,74,21,2022,826
India,Jabalpur,2018,42.5,119,17,2022,827
India,Jammu,2018,44.67,164.33,19,2022,828
India,Jammu,2019,37,138.33,17,2022,829
India,Jamnagar,2016,29,92,24,2022,830
India,Jamnagar,2017,36,104,23,2022,831
India,Jamnagar,2018,44,137,21,2022,832
India,Jamnagar,2019,34,123,25,2022,833
India,Jharsuguda,2016,48,87,20,2022,834
India,Jharsuguda,2017,47,89.5,17,2022,835
India,Jharsuguda,2018,57,107.5,16,2022,836
India,Jharsuguda,2019,45,106,16,2022,837
India,Kadapa,2019,25.67,53.4,15,2022,838
India,Kakinada,2019,19.75,61,19,2022,839
India,Kala Amb,2018,53,103.5,14,2022,840
India,Kala Amb,2019,68.5,101.5,15,2022,841
India,Kalinga Nagar,2016,46.33,113.33,10,2022,842
India,Kalinga Nagar,2017,57,126,10,2022,843
India,Kalinga Nagar,2018,58,117.5,12,2022,844
India,Kalyani,2017,46,85,46,2022,845
India,Kalyani,2018,40,89,48,2022,846
India,Kalyani,2019,60,113,26,2022,847
India,Kanpur,2018,83,210,43,2022,848
India,Kanpur,2019,66,197.89,40,2022,849
India,Karimnagar,2018,49,98,39,2022,850
India,Katni,2017,41,85.5,26,2022,851
India,Katni,2018,37,90.5,28,2022,852
India,Khammam,2017,27,55,25,2022,853
India,Khammam,2018,36,83,40,2022,854
India,Khammam,2019,45,90.5,53,2022,855
India,Khliehriat,2019,7,43,11,2022,856
India,Kochi,2019,32,45.75,14,2022,857
India,Kolar,2016,33,62,26,2022,858
India,Kolar,2018,38,81,30,2022,859
India,Kolar,2019,28,109,27,2022,860
India,Kolkata,2016,70.33,113.44,49,2022,861
India,Kolkata,2018,86.2,144,43,2022,862
India,Kolkata,2019,55.75,103.62,42,2022,863
India,Konark,2016,41,95,13,2022,864
India,Konark,2017,36,94,14,2022,865
India,Korba,2018,18.5,59,20,2022,866
India,Korba,2019,29.67,58.33,19,2022,867
India,Kozhikode,2019,13.5,44,5,2022,868
India,Kundaim,2016,21,62,10,2022,869
India,Kundaim,2017,18,56,14,2022,870
India,Kundaim,2018,22,69,14,2022,871
India,Kundaim,2019,31,62,14,2022,872
India,Kurnool,2018,26,66.25,18,2022,873
India,Kurnool,2019,29.5,61,15,2022,874
India,Lucknow,2017,102,246,26,2022,875
India,Lucknow,2018,108,217.12,30,2022,876
India,Madurai,2016,38,76,24,2022,877
India,Madurai,2017,30,67,23,2022,878
India,Madurai,2018,34.67,83.33,20,2022,879
India,Manali,2017,23.5,43.5,9,2022,880
India,Manali,2018,25.5,68,10,2022,881
India,Manali,2019,22,64,8,2022,882
India,Mandya,2017,25,45,16,2022,883
India,Mangalore,2017,50,75,9,2022,884
India,Margao,2016,24,69,11,2022,885
India,Margao,2017,19,58,14,2022,886
India,Margao,2018,18,57,13,2022,887
India,Margao,2019,30,59,14,2022,888
India,Mettur,2016,33,53,22,2022,889
India,Mettur,2018,27.5,52,23,2022,890
India,Mumbai,2018,46,165.33,21,2022,891
India,Mumbai,2019,40,125.33,28,2022,892
India,Muzaffarnagar,2019,86.5,190.5,34,2022,893
India,Muzaffarpur,2017,89,167,20,2022,894
India,Muzaffarpur,2018,84,139,24,2022,895
India,Muzaffarpur,2019,101,152,31,2022,896
India,Mysore,2017,27,52.5,19,2022,897
India,Mysore,2018,29,53,15,2022,898
India,Mysore,2019,26,52,15,2022,899
India,Nagda,2016,32.67,63.67,23,2022,900
India,Nagda,2017,33,71,22,2022,901
India,Nagda,2018,31.67,61.67,18,2022,902
India,Nagpur,2018,44,109.33,28,2022,903
India,Nagpur,2019,39,100.71,32,2022,904
India,Nalgonda,2017,36,60,24,2022,905
India,Nellore,2019,32.5,65.75,19,2022,906
India,Nizamabad,2016,31,63,19,2022,907
India,Nizamabad,2017,29,62,21,2022,908
India,Nizamabad,2018,27,60,23,2022,909
India,Nizamabad,2019,41,63,25,2022,910
India,Noida,2018,119,263.5,52,2022,911
India,Noida,2019,105.25,211.75,45,2022,912
India,Nongstoin,2019,7,30,13,2022,913
India,Ongole,2019,24.5,59.25,19,2022,914
India,Panaji,2017,47,105,14,2022,915
India,Panaji,2019,50,87,13,2022,916
India,Paonta Sahib,2018,51,87.5,14,2022,917
India,Paonta Sahib,2019,39,83.5,14,2022,918
India,Paradeep,2016,40.67,111.67,13,2022,919
India,Paradeep,2017,39.67,105.67,14,2022,920
India,Paradeep,2018,48.33,121.33,11,2022,921
India,Paradeep,2019,55,144.33,10,2022,922
India,Parwanoo,2017,20,65,6,2022,923
India,Parwanoo,2018,13,63,5,2022,924
India,Parwanoo,2019,18.5,64,6,2022,925
India,Patencheru,2016,38,78,25,2022,926
India,Patencheru,2017,31,78,24,2022,927
India,Patencheru,2018,37,81,23,2022,928
India,Patencheru,2019,41,83,25,2022,929
India,Ponda,2016,22,68,11,2022,930
India,Ponda,2017,23,73,14,2022,931
India,Ponda,2018,29,93,13,2022,932
India,Ponda,2019,33,66,14,2022,933
India,Prithampur,2016,42,92.5,19,2022,934
India,Prithampur,2017,43.5,85,21,2022,935
India,Prithampur,2018,34,89.5,21,2022,936
India,Prithampur,2019,32.5,85.5,18,2022,937
India,Puri,2016,30,93.5,15,2022,938
India,Puri,2017,25.5,76.5,15,2022,939
India,Raichur,2017,39,92,12,2022,940
India,Raichur,2018,33,90,12,2022,941
India,Raichur,2019,14,74,11,2022,942
India,Rajgangpur,2018,49,146,20,2022,943
India,Rajgangpur,2019,58,150,19,2022,944
India,Rajkot,2016,32,92.5,21,2022,945
India,Rajkot,2017,36.5,106.5,22,2022,946
India,Rajkot,2018,64,202.5,24,2022,947
India,Rajkot,2019,35,126.5,26,2022,948
India,Ramagundam,2018,49,104,41,2022,949
India,Rayagada,2016,33.5,58.5,21,2022,950
India,Rayagada,2017,34.5,58,20,2022,951
India,Rayagada,2018,39.5,63,19,2022,952
India,Rayagada,2019,33.5,64.5,17,2022,953
India,Rourkela,2017,42.2,116.67,15,2022,954
India,Rourkela,2018,46.25,108.5,14,2022,955
India,Rourkela,2019,47,123.25,14,2022,956
India,Sagar,2016,29.5,79,12,2022,957
India,Sagar,2017,25,69.5,12,2022,958
India,Sagar,2018,30,75.5,14,2022,959
India,Sagar,2019,19,72,14,2022,960
India,Salem,2018,21,57,26,2022,961
India,Sambalpur,2016,51,79,17,2022,962
India,Sambalpur,2017,46,82,20,2022,963
India,Sambalpur,2018,53,85,21,2022,964
India,Sambalpur,2019,48,92,24,2022,965
India,Sangareddy,2016,31,70,24,2022,966
India,Sangareddy,2017,36.67,78.67,30,2022,967
India,Sangareddy,2018,39.33,81.33,38,2022,968
India,Sangareddy,2019,43.67,87.33,30,2022,969
India,Sanguem,2016,20,44,11,2022,970
India,Sanguem,2017,29,59,13,2022,971
India,Sanguem,2018,31,61,13,2022,972
India,Sanguem,2019,29,57,14,2022,973
India,Satna,2016,31.5,71,7,2022,974
India,Satna,2017,31,80,7,2022,975
India,Satna,2018,48,105,8,2022,976
India,Shillong,2018,12,38,12,2022,977
India,Shillong,2019,7.5,36.25,12,2022,978
India,Shimaga,2017,17,36,6,2022,979
India,Shimaga,2018,17,44,6,2022,980
India,Shimaga,2019,12,33,6,2022,981
India,Shimla,2018,33,60,26,2022,982
India,Shimla,2019,26,59,26,2022,983
India,Siliguri,2017,24,59,18,2022,984
India,Siliguri,2018,35,72,17,2022,985
India,Siliguri,2019,32,80,33,2022,986
India,Silvassa,2016,73,37,32,2022,987
India,Silvassa,2017,32.33,109.33,24,2022,988
India,Silvassa,2018,42.5,124.5,34,2022,989
India,Silvassa,2019,39.5,105,27,2022,990
India,Singrauli,2016,42.33,82.67,24,2022,991
India,Singrauli,2017,50.33,108.67,31,2022,992
India,Singrauli,2018,52.33,111.67,30,2022,993
India,Singrauli,2019,66.67,191.67,48,2022,994
India,Srikakulam,2019,36,66.75,19,2022,995
India,Sunder Nagar,2017,41,72.5,11,2022,996
India,Sunder Nagar,2018,47,84,10,2022,997
India,Sunder Nagar,2019,38,72.5,9,2022,998
India,Surat,2016,31.33,92,22,2022,999
India,Surat,2017,35.33,106.33,26,2022,1000
India,Surat,2018,56.33,176.33,29,2022,1001
India,Surat,2019,40,127.67,27,2022,1002
India,Talcher,2016,50.5,105,24,2022,1003
India,Talcher,2017,45,96,31,2022,1004
India,Talcher,2018,50,110.5,29,2022,1005
India,Talcher,2019,46.5,106,29,2022,1006
India,Tilamol,2016,21,46,11,2022,1007
India,Tilamol,2017,32,63,14,2022,1008
India,Tilamol,2018,44,81,14,2022,1009
India,Tilamol,2019,35,67,14,2022,1010
India,Timukuru,2017,58,125,31,2022,1011
India,Tirupati,2019,28.5,53.25,15,2022,1012
India,Trichy,2016,27,94.6,20,2022,1013
India,Trichy,2018,52.6,110.2,23,2022,1014
India,Trichy,2019,45.6,72.6,18,2022,1015
India,Tuem,2016,19,61,9,2022,1016
India,Tuem,2017,18,58,15,2022,1017
India,Tuem,2018,17,54,13,2022,1018
India,Tuem,2019,29,57,14,2022,1019
India,Tura,2019,7,31,12,2022,1020
India,Tuticorin,2018,25,102,11,2022,1021
India,Tuticorin,2019,23,85.67,11,2022,1022
India,Ujjain,2016,43.5,90.25,16,2022,1023
India,Ujjain,2017,37.6,75.25,15,2022,1024
India,Ujjain,2018,34.25,82.75,15,2022,1025
India,Usgao,2016,21,64,11,2022,1026
India,Usgao,2017,24,74,14,2022,1027
India,Usgao,2018,19,59,13,2022,1028
India,Usgao,2019,33,64,14,2022,1029
India,Vadodara,2016,30,92.67,24,2022,1030
India,Vadodara,2017,36.4,108.2,23,2022,1031
India,Vadodara,2018,60,188.2,25,2022,1032
India,Vadodara,2019,37,130.8,26,2022,1033
India,Vapi,2016,32.5,104.5,24,2022,1034
India,Vapi,2017,36.5,114,25,2022,1035
India,Vapi,2018,53.5,171,25,2022,1036
India,Vapi,2019,40,119.5,25,2022,1037
India,Vasco,2016,55.5,102.5,10,2022,1038
India,Vasco,2019,41,81,13,2022,1039
India,Vijaywada,2018,29.67,77.22,21,2022,1040
India,Vijaywada,2019,26.67,72.67,19,2022,1041
India,Vishakhapatnam,2018,48.62,77.56,21,2022,1042
India,Vishakhapatnam,2019,32.75,75.67,19,2022,1043
India,Vizianagaram,2019,35,67,19,2022,1044
India,Warangal,2018,41,85,38,2022,1045
Ireland,Dublin City,2010,11.16,15.81,29,2022,1046
Italy,Ancona,2010,22.99,41.33,44,2022,1047
Italy,Aosta,2010,14.59,25.67,29,2022,1048
Italy,Arezzo,2010,15.88,27.13,35,2022,1049
Italy,Bergamo,2010,27.36,35.3,38,2022,1050
Italy,Bologna,2010,19.39,29.26,52,2022,1051
Italy,Bolzano,2010,14.83,21,39,2022,1052
Italy,Borgofranco Sul Po,2010,26.02,32.76,22,2022,1053
Italy,Brescia,2010,30.73,39.46,54,2022,1054
Italy,Calusco D'adda,2010,26.89,30.55,26,2022,1055
Italy,Campi Salentina,2010,15.33,29.15,11,2022,1056
Italy,Casirate D'adda,2010,31.01,38.28,35,2022,1057
Italy,Chiaravalle,2010,17.48,34.67,34,2022,1058
Italy,Civitanova Marche,2010,11.67,17.2,11,2022,1059
Italy,Cortina Sulla Strada Del Vino,2010,17.28,18.98,33,2022,1060
Italy,Egna,2010,16.35,19.87,45,2022,1061
Italy,Fabriano,2010,19.94,32.85,18,2022,1062
Italy,Faenza,2010,19.88,28.24,26,2022,1063
Italy,Falconara Marittima,2010,20.88,42.73,29,2022,1064
Italy,Feltre,2010,24.44,27.17,18,2022,1065
Italy,Ferrara,2010,20.48,29.9,35,2022,1066
Italy,Fontechiari,2010,15.23,19.02,8,2022,1067
Italy,Forli',2010,17.86,27.81,36,2022,1068
Italy,Galatina,2010,15.75,21.17,19,2022,1069
Italy,Greve In Chianti,2010,15.94,26.98,15,2022,1070
Italy,Grosseto,2010,10.55,27.23,27,2022,1071
Italy,Guastalla,2010,24.05,31.78,27,2022,1072
Italy,Jesi,2010,23.73,39.52,33,2022,1073
Italy,La Spezia,2010,15.93,23.78,27,2022,1074
Italy,Laces,2010,15.77,17.78,18,2022,1075
Italy,Laives,2010,16.78,21.2,28,2022,1076
Italy,Langhirano,2010,15.63,19.91,19,2022,1077
Italy,Lecce,2010,12.23,24.14,18,2022,1078
Italy,Lecco,2010,19.63,26.49,41,2022,1079
Italy,Livorno,2010,13.89,19.79,26,2022,1080
Italy,Lodi,2010,25.89,34.09,33,2022,1081
Italy,Maranello,2010,21.15,33.03,37,2022,1082
Italy,Merano,2010,13.84,21.57,28,2022,1083
Italy,Merate,2010,28.09,39.89,49,2022,1084
Italy,Mezzolombardo,2010,15.12,21.72,25,2022,1085
Italy,Milano,2010,25.13,39.6,61,2022,1086
Italy,Modena,2010,21.48,34.64,51,2022,1087
Italy,Molinella,2010,21.01,25.1,19,2022,1088
Italy,Monza,2010,33.38,40.43,41,2022,1089
Italy,Novara,2019,17.04,25.51,31,2022,1090
Italy,Padova,2010,30.73,38.51,41,2022,1091
Italy,Parma,2010,20.25,32.82,40,2022,1092
Italy,Perugia,2010,13.66,20.59,31,2022,1093
Italy,Pesaro,2010,17.93,31.94,33,2022,1094
Italy,Piacenza,2010,23.56,33.06,37,2022,1095
Italy,Ponti Sul Mincio,2010,25.63,35.13,32,2022,1096
Italy,Ravenna,2010,17.88,28.34,27,2022,1097
Italy,Reggio Nell'emilia,2010,21.45,33.08,39,2022,1098
Italy,Renon,2010,8.28,9.72,3,2022,1099
Italy,Rimini,2010,20.62,31.19,36,2022,1100
Italy,Roma,2010,18.75,30.75,51,2022,1101
Italy,Saronno,2010,28.61,39,25,2022,1102
Italy,Savona,2010,14.46,20.06,23,2022,1103
Italy,Schivenoglia,2010,23.68,32.04,20,2022,1104
Italy,Sondrio,2010,21.57,25.09,31,2022,1105
Italy,Spoleto,2010,13.77,22.3,26,2022,1106
Italy,Taranto,2010,14.57,25.27,16,2022,1107
Italy,Terni,2010,16.88,25.77,30,2022,1108
Italy,Torino,2010,28.71,39.39,61,2022,1109
Italy,Trento,2010,16.91,24.15,47,2022,1110
Italy,Udine,2010,17.22,25.19,36,2022,1111
Italy,Varese,2010,25.7,30.9,34,2022,1112
Italy,Velturno,2010,16.33,22.24,67,2022,1113
Italy,Verona,2010,23.72,33.96,33,2022,1114
Italy,Vicenza,2010,29.26,37.34,40,2022,1115
Italy,Vinchio,2010,20.75,27.41,22,2022,1116
Jordan,Amman,2019,26.83,59.13,27,2022,1117
Kuwait,Ahmadi Governorate,2017,85.3,143.87,43,2022,1118
Kuwait,Ahmadi Governorate,2019,45.1,81.97,24,2022,1119
Kuwait,Ahmadi Governorate,2020,41.15,115.05,33,2022,1120
Kuwait,Al-Ahmadi,2015,79.36,137.94,71,2018,1121
Kuwait,Al-Jahra,2015,31.69,114,40,2018,1122
Kuwait,Al-Jahra,2016,11.83,130.09,29,2018,1123
Kuwait,Capital Governorate,2019,25.9,112,29,2022,1124
Kuwait,Capital Governorate,2020,30.15,99.05,30,2022,1125
Kuwait,Hawalli Governorate,2019,48.3,127.7,20,2022,1126
Kuwait,Hawalli Governorate,2020,28,101.15,20,2022,1127
Kuwait,Jahra Governorate,2017,49.5,148.3,28,2022,1128
Kuwait,Jahra Governorate,2019,44.6,126.37,31,2022,1129
Kuwait,Jahra Governorate,2020,51.87,142.1,21,2022,1130
Kuwait,Saad Al-Abdullah,2015,80.75,130.1,72,2018,1131
Kuwait,Saad Al-Abdullah,2016,51.24,62,47,2018,1132
Latvia,Riga,2010,27.47,38.97,42,2022,1133
Lebanon,Beirut,2014,19,56,59,2022,1134
Lebanon,Beirut,2015,15,43,47,2022,1135
Lithuania,Kaunas,2010,19.88,30.33,13,2022,1136
Lithuania,Kaunas,2013,13.01,29.8,15,2022,1137
Lithuania,Kaunas,2014,15.24,28.88,15,2022,1138
Lithuania,Kaunas,2015,12.7,24.51,15,2022,1139
Lithuania,Kaunas,2016,11.81,22.99,16,2022,1140
Lithuania,Klaipeda,2010,13.27,26.74,21,2022,1141
Lithuania,Klaipeda,2013,20.36,32.05,20,2022,1142
Lithuania,Klaipėda,2014,13.35,33.86,21,2022,1143
Lithuania,Klaipėda,2015,12.7,30.8,19,2022,1144
Lithuania,Klaipėda,2016,11.55,24.47,21,2022,1145
Lithuania,Vilnius,2010,14.42,26.34,21,2022,1146
Lithuania,Vilnius,2013,19.35,26.56,24,2022,1147
Lithuania,Vilnius,2014,19.5,28.09,23,2022,1148
Lithuania,Vilnius,2015,19.07,26.98,24,2022,1149
Lithuania,Vilnius,2016,16.73,26.52,25,2022,1150
Luxembourg,Bekerich,2010,16.34,14.79,15,2022,1151
Luxembourg,Esch-Sur-Alzette,2010,9.91,21.56,29,2022,1152
Luxembourg,Luxembourg,2010,15.97,21.03,48,2022,1153
Malta,Gharb,2010,11.33,32.44,3,2022,1154
Malta,Gharb,2018,8.6,19.6,3,2022,1155
Malta,Msida,2010,20.02,45.34,35,2022,1156
Malta,Msida,2018,14.4,43.1,35,2022,1157
Malta,Zejtun,2018,12.1,31.9,14,2022,1158
Mexico,Aguascalientes,2018,25,41.5,41,2022,1159
Mexico,Alvaro Obregon,2012,20.92,42.29,26,2018,1160
Mexico,Alvaro Obregon,2013,22.62,42.86,25,2018,1161
Mexico,Alvaro Obregon,2014,20.55,39.14,25,2018,1162
Mexico,Alvaro Obregon,2015,21.34,38.55,24,2018,1163
Mexico,Ecatepec De Morelos,2010,22.02,71.18,29,2018,1164
Mexico,Ecatepec De Morelos,2011,24.77,75.15,29,2018,1165
Mexico,Ecatepec De Morelos,2012,26.63,61.45,29,2018,1166
Mexico,Ecatepec De Morelos,2013,29.26,61.45,29,2018,1167
Mexico,Ecatepec De Morelos,2014,28.13,55.87,27,2018,1168
Mexico,Ecatepec De Morelos,2015,27,56.23,24,2018,1169
Mexico,Ecatepec De Morelos,2016,25.98,56.69,27,2018,1170
Mexico,Iztapalapa,2012,24.93,49.2,30,2018,1171
Mexico,Iztapalapa,2013,25.79,48.54,30,2018,1172
Mexico,Iztapalapa,2014,24.81,47.06,29,2018,1173
Mexico,Iztapalapa,2015,26.09,46.96,29,2018,1174
Mexico,Iztapalapa,2016,26.07,49.62,29,2018,1175
Mexico,Mexicali,2018,25.5,91.87,44,2022,1176
Mexico,Mexico City,2010,23.6,48.25,37,2018,1177
Mexico,Mexico City,2011,26.68,57.25,35,2018,1178
Mexico,Mexico City,2012,23.44,45.87,32,2018,1179
Mexico,Mexico City,2013,26.17,44.37,30,2018,1180
Mexico,Mexico City,2014,22.93,41.71,30,2018,1181
Mexico,Mexico City,2015,23.06,39.35,28,2018,1182
Mexico,Mexico City,2016,21.73,38.72,28,2018,1183
Mexico,Mexico City,2018,22.7,42.5,84,2022,1184
Mexico,Mexico City,2018,22.7,42.5,84,2022,1185
Mexico,Pachuca,2018,14,21,41,2022,1186
Mexico,Tlalnepantla De Baz,2010,23.32,50.96,33,2018,1187
Mexico,Tlalnepantla De Baz,2011,26.62,54.19,34,2018,1188
Mexico,Tlalnepantla De Baz,2012,27.09,57.79,35,2018,1189
Mexico,Tlalnepantla De Baz,2013,27.18,56.33,33,2018,1190
Mexico,Tlalnepantla De Baz,2014,24.51,52.15,32,2018,1191
Mexico,Tlalnepantla De Baz,2015,27.34,52.06,33,2018,1192
Mexico,Tlalnepantla De Baz,2016,25.57,53.22,33,2018,1193
Mexico,Zona Metropolitana Del Valle De Toluca,2018,31.33,83,78,2022,1194
Netherlands,Amsterdam,2010,17.63,25.39,38,2022,1195
Netherlands,Breda,2010,16.72,28.36,27,2022,1196
Netherlands,Den Haag,2010,16.61,28.15,38,2022,1197
Netherlands,Eindhoven,2010,16.98,27.03,37,2022,1198
Netherlands,Groningen,2010,17.62,24.88,25,2022,1199
Netherlands,Heerlen,2010,20.04,26.3,38,2022,1200
Netherlands,Munnekezijl,2010,13.76,21.83,10,2022,1201
Netherlands,Nieuwer Ter Aa,2010,18.05,26.9,35,2022,1202
Netherlands,Nijmegen,2010,17.28,25.07,35,2022,1203
Netherlands,Rotterdam,2010,17.44,27.75,41,2022,1204
Netherlands,Utrecht,2010,17.32,27.36,37,2022,1205
Netherlands,Vlaardingen,2010,17.06,26.69,38,2022,1206
Netherlands,Vredepeel,2010,17.91,24.56,18,2022,1207
Netherlands,Wekerom,2010,18.59,24.39,19,2022,1208
Netherlands,Wieringerwerf,2010,13.8,21.97,15,2022,1209
Netherlands,Zaandam,2010,16.33,22.74,25,2022,1210
Norway,Bergen,2010,11.84,22.3,48,2022,1211
Norway,Brevik,2017,6.21,11.79,15,2022,1212
Norway,Brevik,2018,7.45,13.36,14,2022,1213
Norway,Brevik,2019,6.93,12.67,13,2022,1214
Norway,Elverum,2017,6.7,16.47,18,2022,1215
Norway,Elverum,2018,7.64,20.42,18,2022,1216
Norway,Elverum,2019,6.93,16.88,18,2022,1217
Norway,Hurdal Municipality,2014,3.83,5.76,2,2022,1218
Norway,Hurdal Municipality,2015,2.72,4.12,2,2022,1219
Norway,Hurdal Municipality,2016,2.59,4,2,2022,1220
Norway,Hurdal Municipality,2017,2.36,3.87,2,2022,1221
Norway,Hurdal Municipality,2018,3.19,4.87,2,2022,1222
Norway,Hurdal Municipality,2019,2.67,4.61,2,2022,1223
Norway,Lillehammer,2010,9.38,21.44,27,2022,1224
Norway,Lillestrom,2016,8.08,12.28,20,2022,1225
Norway,Lillestrom,2017,5.85,9.45,19,2022,1226
Norway,Lillestrom,2018,6.86,9.87,18,2022,1227
Norway,Lillestrom,2019,5.07,9.3,17,2022,1228
Norway,Loddefjord,2016,5.5,10.59,29,2022,1229
Norway,Loddefjord,2017,4.67,9.39,28,2022,1230
Norway,Loddefjord,2018,5.41,10.87,29,2022,1231
Norway,Loddefjord,2019,5.49,11.23,25,2022,1232
Norway,Moss,2019,8.24,15.09,21,2022,1233
Norway,Oslo,2010,11.82,22.91,52,2022,1234
Norway,Rådal,2018,6.22,16.84,31,2022,1235
Norway,Rådal,2019,6,14.19,28,2022,1236
Norway,Skien,2010,10.57,23.19,27,2022,1237
Norway,Stavanger,2010,10.26,19.93,30,2022,1238
Norway,Tiller,2010,9.14,20.95,45,2022,1239
Norway,Todalen,2014,3.24,4.25,0,2022,1240
Norway,Todalen,2015,1.51,2.32,0,2022,1241
Norway,Todalen,2016,1.67,2.57,0,2022,1242
Norway,Todalen,2017,1.47,2.17,1,2022,1243
Norway,Todalen,2018,2.23,3.17,1,2022,1244
Norway,Todalen,2019,1.94,2.96,1,2022,1245
Norway,Trondheim,2010,10.84,23.19,38,2022,1246
Norway,Ulset,2016,3.88,6.97,8,2022,1247
Norway,Ulset,2017,3.24,5.44,7,2022,1248
Norway,Ulset,2018,4.13,6.85,8,2022,1249
Norway,Ulset,2019,4.16,6.76,6,2022,1250
Poland,Bialystok,2010,23.73,27.72,12,2022,1251
Poland,Bielsko Biala,2010,42.35,47.35,24,2022,1252
Poland,Bydgoszcz,2010,27.75,28,28,2022,1253
Poland,Czestochowa,2010,40.94,38.95,28,2022,1254
Poland,Diabla Gora,2010,15.17,18.75,4,2022,1255
Poland,Diabla Gora,2013,12.84,15.67,3,2022,1256
Poland,Diabla Gora,2014,13.85,19.99,4,2022,1257
Poland,Diabla Gora,2015,12.48,17.29,4,2022,1258
Poland,Elblag,2010,22.68,26.48,14,2022,1259
Poland,Gdansk,2010,20.51,26.78,21,2022,1260
Poland,Gorzow Wlkp.,2010,18.8,35.82,21,2022,1261
Poland,Katowice,2010,42.14,52.02,33,2022,1262
Poland,Kedzierzyn-Kozle,2010,39.52,43.69,22,2022,1263
Poland,Kielce,2010,31.23,41.25,28,2022,1264
Poland,Koszalin,2010,15.35,24.98,19,2022,1265
Poland,Krakow,2010,61.13,65.95,50,2022,1266
Poland,Legnica,2010,30.76,43.06,21,2022,1267
Poland,Lodz,2010,22.9,40.78,27,2022,1268
Poland,Nisko,2010,26.27,38.22,30,2022,1269
Poland,Olsztyn,2010,18.41,21.62,17,2022,1270
Poland,Plock,2010,27.91,34.83,14,2022,1271
Poland,Rzeszow,2010,26.16,39.94,23,2022,1272
Poland,Szczecin,2010,19.46,31.22,23,2022,1273
Poland,Tarnow,2010,32.29,44.91,23,2022,1274
Poland,Warszawa,2010,30.82,39.34,33,2022,1275
Poland,Wroclaw,2010,34.78,54.9,13,2022,1276
Poland,Zakopane,2010,37.39,43.3,21,2022,1277
Portugal,Almada Aml Sul,2010,9.28,25.92,28,2022,1278
Portugal,Chamusca Vale Do Tejo E Oeste,2010,9.2,16.58,7,2022,1279
Portugal,Funchal,2010,9.03,25.6,15,2022,1280
Portugal,Fundao Centro Interior,2010,6.85,14.52,4,2022,1281
Portugal,Leiria,2010,11.84,20.33,6,2022,1282
Portugal,Lisboa Aml Norte,2010,13.82,32.93,37,2022,1283
Portugal,Lourinha,2010,6.5,16.6,7,2022,1284
Portugal,Maia Porto Litoral,2010,8.73,25.4,38,2022,1285
Portugal,Palmela,2010,6.76,19,10,2022,1286
Portugal,Porto,2010,8.15,24.96,27,2022,1287
Portugal,Porto Santo,2010,1.78,18.96,3,2022,1288
Portugal,Setubal,2010,9.25,22.29,30,2022,1289
Qatar,Doha,2017,44,148,29,2022,1290
Qatar,Doha,2018,44,181,47,2022,1291
Qatar,Doha,2019,41,208,42,2022,1292
Qatar,Doha,2020,33,108,28,2022,1293
Qatar,Doha,2021,38,150,30,2022,1294
Republic of Korea,Busan,2015,26,46,38,2022,1295
Republic of Korea,Busan,2016,27,44,39,2022,1296
Republic of Korea,Busan,2017,26,44,38,2022,1297
Republic of Korea,Busan,2018,23,41,36,2022,1298
Republic of Korea,Busan,2019,21,36,36,2022,1299
Republic of Korea,Busan,2020,17,30,30,2022,1300
Republic of Korea,Chungcheongbuk-Do,2015,30,51,38,2022,1301
Republic of Korea,Chungcheongbuk-Do,2016,26,45,38,2022,1302
Republic of Korea,Chungcheongbuk-Do,2017,27,44,36,2022,1303
Republic of Korea,Chungcheongbuk-Do,2018,27,44,38,2022,1304
Republic of Korea,Chungcheongbuk-Do,2019,28,44,34,2022,1305
Republic of Korea,Chungcheongbuk-Do,2020,21,34,26,2022,1306
Republic of Korea,Chungcheongnam-Do,2015,29,46,34,2022,1307
Republic of Korea,Chungcheongnam-Do,2016,26,48,36,2022,1308
Republic of Korea,Chungcheongnam-Do,2017,23,44,30,2022,1309
Republic of Korea,Chungcheongnam-Do,2018,21,39,28,2022,1310
Republic of Korea,Chungcheongnam-Do,2019,26,44,26,2022,1311
Republic of Korea,Chungcheongnam-Do,2020,21,37,24,2022,1312
Republic of Korea,Daegu,2015,26,46,39,2022,1313
Republic of Korea,Daegu,2016,24,43,38,2022,1314
Republic of Korea,Daegu,2017,23,42,38,2022,1315
Republic of Korea,Daegu,2018,22,39,36,2022,1316
Republic of Korea,Daegu,2019,22,39,36,2022,1317
Republic of Korea,Daegu,2020,20,34,32,2022,1318
Republic of Korea,Daejeon,2015,28,46,36,2022,1319
Republic of Korea,Daejeon,2016,21,44,36,2022,1320
Republic of Korea,Daejeon,2017,21,45,34,2022,1321
Republic of Korea,Daejeon,2018,22,44,36,2022,1322
Republic of Korea,Daejeon,2019,22,42,36,2022,1323
Republic of Korea,Daejeon,2020,18,33,34,2022,1324
Republic of Korea,Gangwon-Do,2015,26,50,34,2022,1325
Republic of Korea,Gangwon-Do,2016,28,47,34,2022,1326
Republic of Korea,Gangwon-Do,2017,26,44,30,2022,1327
Republic of Korea,Gangwon-Do,2018,23,38,30,2022,1328
Republic of Korea,Gangwon-Do,2019,21,37,21,2022,1329
Republic of Korea,Gangwon-Do,2020,17,30,19,2022,1330
Republic of Korea,Gwangju,2015,26,43,36,2022,1331
Republic of Korea,Gwangju,2016,23,40,34,2022,1332
Republic of Korea,Gwangju,2017,24,40,36,2022,1333
Republic of Korea,Gwangju,2018,24,41,32,2022,1334
Republic of Korea,Gwangju,2019,23,42,34,2022,1335
Republic of Korea,Gwangju,2020,18,30,26,2022,1336
Republic of Korea,Gyeonggi-Do,2015,26,53,55,2022,1337
Republic of Korea,Gyeonggi-Do,2016,28,53,51,2022,1338
Republic of Korea,Gyeonggi-Do,2017,27,51,51,2022,1339
Republic of Korea,Gyeonggi-Do,2018,25,44,47,2022,1340
Republic of Korea,Gyeonggi-Do,2019,26,46,45,2022,1341
Republic of Korea,Gyeonggi-Do,2020,21,39,38,2022,1342
Republic of Korea,Gyeongsangbuk-Do,2015,28,45,34,2022,1343
Republic of Korea,Gyeongsangbuk-Do,2016,23,40,32,2022,1344
Republic of Korea,Gyeongsangbuk-Do,2017,23,40,28,2022,1345
Republic of Korea,Gyeongsangbuk-Do,2018,24,44,28,2022,1346
Republic of Korea,Gyeongsangbuk-Do,2019,20,39,24,2022,1347
Republic of Korea,Gyeongsangbuk-Do,2020,17,31,21,2022,1348
Republic of Korea,Gyeongsangnam-Do,2015,25,46,36,2022,1349
Republic of Korea,Gyeongsangnam-Do,2016,25,45,38,2022,1350
Republic of Korea,Gyeongsangnam-Do,2017,23,43,36,2022,1351
Republic of Korea,Gyeongsangnam-Do,2018,20,41,34,2022,1352
Republic of Korea,Gyeongsangnam-Do,2019,19,38,30,2022,1353
Republic of Korea,Gyeongsangnam-Do,2020,16,29,26,2022,1354
Republic of Korea,Incheon,2015,29,53,49,2022,1355
Republic of Korea,Incheon,2016,26,49,47,2022,1356
Republic of Korea,Incheon,2017,25,46,45,2022,1357
Republic of Korea,Incheon,2018,22,40,47,2022,1358
Republic of Korea,Incheon,2019,23,43,45,2022,1359
Republic of Korea,Incheon,2020,19,34,38,2022,1360
Republic of Korea,Jeju-Do,2015,23,44,21,2022,1361
Republic of Korea,Jeju-Do,2016,22,41,23,2022,1362
Republic of Korea,Jeju-Do,2017,22,37,21,2022,1363
Republic of Korea,Jeju-Do,2018,19,35,17,2022,1364
Republic of Korea,Jeju-Do,2019,19,35,17,2022,1365
Republic of Korea,Jeju-Do,2020,15,30,15,2022,1366
Republic of Korea,Jeollabuk-Do,2015,35,50,30,2022,1367
Republic of Korea,Jeollabuk-Do,2016,31,51,30,2022,1368
Republic of Korea,Jeollabuk-Do,2017,29,48,28,2022,1369
Republic of Korea,Jeollabuk-Do,2018,25,43,24,2022,1370
Republic of Korea,Jeollabuk-Do,2019,26,43,23,2022,1371
Republic of Korea,Jeollabuk-Do,2020,20,33,21,2022,1372
Republic of Korea,Jeollanam-Do,2015,25,38,30,2022,1373
Republic of Korea,Jeollanam-Do,2016,24,37,28,2022,1374
Republic of Korea,Jeollanam-Do,2017,20,36,26,2022,1375
Republic of Korea,Jeollanam-Do,2018,20,35,24,2022,1376
Republic of Korea,Jeollanam-Do,2019,19,33,21,2022,1377
Republic of Korea,Jeollanam-Do,2020,15,28,19,2022,1378
Republic of Korea,Sejong Special Autonomy City,2016,23,46,41,2022,1379
Republic of Korea,Sejong Special Autonomy City,2017,23,47,38,2022,1380
Republic of Korea,Sejong Special Autonomy City,2018,21,40,34,2022,1381
Republic of Korea,Sejong Special Autonomy City,2019,26,44,36,2022,1382
Republic of Korea,Sejong Special Autonomy City,2020,20,36,32,2022,1383
Republic of Korea,Seoul,2015,23,45,60,2022,1384
Republic of Korea,Seoul,2015,23,45,60,2022,1385
Republic of Korea,Seoul,2016,26,48,58,2022,1386
Republic of Korea,Seoul,2017,25,44,56,2022,1387
Republic of Korea,Seoul,2018,23,40,53,2022,1388
Republic of Korea,Seoul,2019,25,42,53,2022,1389
Republic of Korea,Seoul,2020,21,35,45,2022,1390
Republic of Korea,Ulsan,2015,25,46,41,2022,1391
Republic of Korea,Ulsan,2016,23,43,41,2022,1392
Republic of Korea,Ulsan,2017,25,43,41,2022,1393
Republic of Korea,Ulsan,2018,23,40,38,2022,1394
Republic of Korea,Ulsan,2019,20,37,38,2022,1395
Republic of Korea,Ulsan,2020,17,30,34,2022,1396
Romania,Arad,2010,14.44,25.26,20,2022,1397
Romania,Bacau,2010,12.93,21.92,21,2022,1398
Romania,Baia Mare,2010,15.02,24.19,22,2022,1399
Romania,Baia Mare,2010,15.02,24.19,22,2022,1400
Romania,Brasov,2010,14.49,26.5,45,2022,1401
Romania,Bucharest,2010,23.81,34.07,36,2022,1402
Romania,Constanta,2010,15.36,31,27,2022,1403
Romania,Iasi,2010,18.52,22.09,17,2022,1404
Romania,Ploiesti,2010,17.78,33.46,34,2022,1405
Romania,Timisoara,2010,15.42,36.47,30,2022,1406
Senegal,Dakar,2013,30,130,36,2018,1407
Senegal,Dakar,2014,25,125,34,2022,1408
Senegal,Dakar,2015,33,145,20,2022,1409
Senegal,Dakar,2016,29.42,132.86,20,2022,1410
Senegal,Dakar,2017,19.86,143.31,22,2022,1411
Senegal,Dakar,2018,42,136.19,16,2022,1412
Singapore,Singapore,2018,15,29,26,2022,1413
Slovakia,Banska Bystrica,2010,23.97,50,38,2022,1414
Slovakia,Krompachy,2010,23.73,41.08,14,2022,1415
Slovakia,Martin,2010,25.08,36.94,33,2022,1416
Slovakia,Nitra,2010,22.46,34.75,8,2022,1417
Slovakia,Presov,2010,24.01,38.35,33,2022,1418
Slovakia,Zilina,2010,31.23,38.36,35,2022,1419
Slovenia,Ljubljana,2010,21.87,28.17,35,2022,1420
Slovenia,Maribor,2010,22.61,32.66,34,2022,1421
Slovenia,Stalcerji,2010,11.61,14.4,2,2022,1422
Slovenia,Stalcerji,2013,10.57,12.6,2,2022,1423
Slovenia,Stalcerji,2014,9.33,11.41,2,2022,1424
South Africa,Buffalo City,2021,12.63,29.04,11,2022,1425
South Africa,City Of Cape Town,2019,8.07,9.91,24,2022,1426
South Africa,City Of Cape Town,2020,8.92,25.25,8,2022,1427
South Africa,City Of Cape Town,2021,14.86,36.34,17,2022,1428
South Africa,City Of Johannesburg,2012,26.96,57.95,37,2022,1429
South Africa,City Of Johannesburg,2013,23.07,41.04,55,2022,1430
South Africa,City Of Johannesburg,2014,22.86,40.24,42,2022,1431
South Africa,City Of Johannesburg,2015,23.37,42.04,57,2022,1432
South Africa,City Of Johannesburg,2016,24.64,31.99,45,2022,1433
South Africa,City Of Johannesburg,2018,22.68,41.74,36,2022,1434
South Africa,City Of Johannesburg,2019,37.29,57.22,39,2022,1435
South Africa,City Of Johannesburg,2020,41.06,50.44,34,2022,1436
South Africa,City Of Johannesburg,2021,35.47,54.22,39,2022,1437
South Africa,City Of Tshwane,2018,31.33,55.88,27,2022,1438
South Africa,City Of Tshwane,2020,54.57,32.64,35,2022,1439
South Africa,City Of Tshwane,2021,23.39,130.19,21,2022,1440
South Africa,Dr Kenneth Kaunda,2019,43.41,48.82,13,2022,1441
South Africa,Dr Kenneth Kaunda,2021,11.73,23.9,12,2022,1442
South Africa,Ethekwini,2015,15.61,23.74,4,2022,1443
South Africa,Ethekwini,2020,16.83,39.12,36,2022,1444
South Africa,Ethekwini,2021,16.67,39.13,12,2022,1445
South Africa,Fezile Dabi,2012,29.13,80.12,25,2022,1446
South Africa,Fezile Dabi,2014,29.97,57.87,24,2022,1447
South Africa,Fezile Dabi,2020,28.24,53.88,19,2022,1448
South Africa,Fezile Dabi,2021,29.12,61.4,13,2022,1449
South Africa,Gert Sibande,2010,34.49,55.52,27,2022,1450
South Africa,Gert Sibande,2011,25.23,47.91,12,2022,1451
South Africa,Gert Sibande,2012,20.88,52.78,18,2022,1452
South Africa,Gert Sibande,2013,22.96,54.04,17,2022,1453
South Africa,Gert Sibande,2014,17.69,40.2,21,2022,1454
South Africa,Gert Sibande,2015,15.16,46.6,26,2022,1455
South Africa,Gert Sibande,2016,26.08,39.74,19,2022,1456
South Africa,Gert Sibande,2017,22.45,45.94,24,2022,1457
South Africa,Gert Sibande,2018,17.1,41.9,19,2022,1458
South Africa,Gert Sibande,2019,15.42,38.86,23,2022,1459
South Africa,Gert Sibande,2020,19.59,31.91,18,2022,1460
South Africa,Gert Sibande,2021,22.74,48.1,15,2022,1461
South Africa,Greater Sekhukhune,2019,5.3,7.7,15,2022,1462
South Africa,Greater Sekhukhune,2020,7.57,6.05,9,2022,1463
South Africa,Mopani,2019,14.68,32.47,5,2022,1464
South Africa,Mopani,2020,10.84,25.33,4,2022,1465
South Africa,Namakwa,2019,4.05,6.96,4,2022,1466
South Africa,Nelson Mandela Bay,2020,9.99,26.51,10,2022,1467
South Africa,Nelson Mandela Bay,2021,14.4,25.99,8,2022,1468
South Africa,Ngaka Modiri Molema,2019,26.53,67.64,12,2022,1469
South Africa,Ngaka Modiri Molema,2020,13.18,29.41,9,2022,1470
South Africa,Nkangala,2012,20.75,49.94,16,2022,1471
South Africa,Nkangala,2013,22.14,57.14,19,2022,1472
South Africa,Nkangala,2014,14.8,45.2,22,2022,1473
South Africa,Nkangala,2015,21.34,47.38,32,2022,1474
South Africa,Nkangala,2016,15.58,43.06,28,2022,1475
South Africa,Nkangala,2018,21.07,56.67,16,2022,1476
South Africa,Nkangala,2019,27.11,89.75,34,2022,1477
South Africa,Sedibeng,2010,42.56,67.06,36,2022,1478
South Africa,Sedibeng,2012,36.99,59.87,29,2022,1479
South Africa,Sedibeng,2013,29.74,55.96,31,2022,1480
South Africa,Sedibeng,2014,32.63,51.37,26,2022,1481
South Africa,Sedibeng,2015,30.64,49.87,34,2022,1482
South Africa,Sedibeng,2016,59,90.25,71,2022,1483
South Africa,Sedibeng,2018,32.97,62.95,23,2022,1484
South Africa,Sedibeng,2020,28.41,53.71,20,2022,1485
South Africa,Sedibeng,2021,38.87,67.67,24,2022,1486
South Africa,Uthungulu,2019,6.91,19.89,9,2022,1487
South Africa,Waterberg,2011,70.42,64.54,10,2022,1488
South Africa,Waterberg,2012,43.31,85.22,12,2022,1489
South Africa,Waterberg,2013,17.82,47.49,13,2022,1490
South Africa,Waterberg,2014,12.87,29.58,12,2022,1491
South Africa,Waterberg,2015,10.59,28.64,16,2022,1492
South Africa,Waterberg,2016,12.82,30.56,40,2022,1493
South Africa,Waterberg,2017,15.48,41.72,13,2022,1494
South Africa,Waterberg,2018,16.62,43.91,14,2022,1495
South Africa,Waterberg,2019,16.33,48.62,14,2022,1496
South Africa,Waterberg,2020,15.57,41.06,9,2022,1497
South Africa,Waterberg,2021,18.86,44.71,18,2022,1498
South Africa,West Coast,2015,7.47,24.64,8,2022,1499
South Africa,West Coast,2016,8.42,33.28,7,2022,1500
South Africa,West Coast,2017,6.83,20.49,9,2022,1501
South Africa,West Coast,2018,6.1,17.99,7,2022,1502
Spain,Aguimes,2010,7.38,24.84,10,2022,1503
Spain,Albacete,2010,14.16,34.18,13,2022,1504
Spain,Alcora (L'),2010,9.62,32.1,12,2022,1505
Spain,Alcorcon,2010,8.89,25.45,36,2022,1506
Spain,Alcoy/Alcoi,2010,11.06,13,15,2022,1507
Spain,Alfaro,2010,11.26,29.5,11,2022,1508
Spain,Algete,2010,9.36,31.88,13,2022,1509
Spain,Alicante/Alacant,2010,12.14,23.26,27,2022,1510
Spain,Almazora/Almassora,2010,11.82,32.01,26,2022,1511
Spain,Arafo,2010,8.51,19.43,11,2022,1512
Spain,Arona,2010,11.12,23.8,7,2022,1513
Spain,Arrecife,2010,4.95,24.05,8,2022,1514
Spain,Arrubal,2010,10.23,23.32,11,2022,1515
Spain,Arucas,2010,4.82,17.72,5,2022,1516
Spain,Atazar (El),2010,8.91,23.86,4,2022,1517
Spain,Barcarrota,2010,7.64,15.18,3,2022,1518
Spain,Barcelona,2010,17.16,27.42,47,2022,1519
Spain,Benidorm,2010,9.16,12.96,9,2022,1520
Spain,Brena Baja,2010,5.86,21,15,2022,1521
Spain,Bunol,2010,9.25,16.12,16,2022,1522
Spain,Burriana,2010,16.71,18.16,8,2022,1523
Spain,Cadaques,2010,7.89,16.43,2,2022,1524
Spain,Campisabalos,2010,5.66,11.01,2,2022,1525
Spain,Castellon De La Plana,2010,11.07,19.62,18,2022,1526
Spain,Caudete De Las Fuentes,2010,10.45,15.17,9,2022,1527
Spain,Collado Villalba,2010,13.25,30.2,34,2022,1528
Spain,Elda,2010,10.26,14.47,13,2022,1529
Spain,Galilea,2010,9.15,12.99,10,2022,1530
Spain,Gandia,2010,14.23,20.77,17,2022,1531
Spain,Gijon,2010,11.94,30.03,35,2022,1532
Spain,Granadilla De Abona,2010,8.88,25.17,9,2022,1533
Spain,Langreo,2010,16.96,23.89,21,2022,1534
Spain,Llanes,2010,9.25,15.43,5,2022,1535
Spain,Madrid,2010,12.32,21.72,44,2022,1536
Spain,Palma De Mallorca,2010,10.61,23.46,25,2022,1537
Spain,Palmas De Gran Canaria (Las),2010,7.36,21.8,21,2022,1538
Spain,Pamplona,2010,13.31,25,31,2022,1539
Spain,Penausende,2010,4.86,8.72,4,2022,1540
Spain,Pontes De Garcia Rodríguez,2010,7.94,13.14,4,2022,1541
Spain,Pradejon,2010,7.15,22.53,10,2022,1542
Spain,Puerto Del Rosario,2010,6.5,26.09,10,2022,1543
Spain,Puertollano,2010,17.03,27.04,18,2022,1544
Spain,Realejos (Los),2010,4.42,18.17,12,2022,1545
Spain,San Bartolome De Tirajana,2010,8.73,29.02,14,2022,1546
Spain,San Pablo De Los Montes,2010,5.93,11,3,2022,1547
Spain,Sanguesa/Zangoza,2010,15.73,27.23,8,2022,1548
Spain,Santa Cruz De Tenerife,2010,8.79,24.04,25,2022,1549
Spain,Santiago De Compostela,2010,6.28,11.54,15,2022,1550
Spain,Teguise,2010,6.71,21.17,8,2022,1551
Spain,Telde,2010,7.84,18.1,10,2022,1552
Spain,Torms (Els),2010,7.32,12.61,4,2022,1553
Spain,Torrejon De Ardoz,2010,15.01,37.05,25,2022,1554
Spain,Valdemoro,2010,12.92,28.99,24,2022,1555
Spain,Valencia,2010,13,23.16,33,2022,1556
Spain,Valladolid,2010,11.39,19.78,23,2022,1557
Spain,Villa Del Prado,2010,9.07,23.96,8,2022,1558
Spain,Villalba De Guardo,2010,6.74,10.31,3,2022,1559
Spain,Villar Del Arzobispo,2010,9.03,13.92,5,2022,1560
Spain,Villarejo De Salvanes,2010,12.54,32.84,17,2022,1561
Spain,Viver,2010,8.98,18.88,8,2022,1562
Spain,Zarra,2010,5.47,11.89,4,2022,1563
Spain,Zorita Del Maestrazgo,2010,8.4,15.98,5,2022,1564
Sweden,Alvesta,2018,7.03,15.08,8,2022,1565
Sweden,Arlov,2016,6.69,14.86,15,2022,1566
Sweden,Arlov,2017,5.99,15.8,15,2022,1567
Sweden,Arlov,2018,6.66,18.4,14,2022,1568
Sweden,Bredkalen,2010,2.07,3.63,0,2022,1569
Sweden,Göteborg,2010,9.06,18.88,37,2022,1570
Sweden,Klaverod,2010,7.19,13.74,3,2022,1571
Sweden,Kristianstad,2016,8.96,15.39,9,2022,1572
Sweden,Ljungby,2017,5.51,14.74,7,2022,1573
Sweden,Ljungby,2018,6.78,16.69,8,2022,1574
Sweden,Ljungby,2019,4.85,11.08,7,2022,1575
Sweden,Malmö,2010,13.57,18.17,28,2022,1576
Sweden,Olofström,2015,4.51,7.15,8,2022,1577
Sweden,Olofström,2016,3.77,4.92,8,2022,1578
Sweden,Olofström,2018,4.85,15.79,8,2022,1579
Sweden,Onsala,2010,6.51,11.72,4,2022,1580
Sweden,Onsala,2014,6.42,14.18,3,2022,1581
Sweden,Onsala,2015,5.02,15.15,3,2022,1582
Sweden,Onsala,2016,3.77,12.56,4,2022,1583
Sweden,Onsala,2017,3.29,11.88,3,2022,1584
Sweden,Onsala,2018,3.74,12.56,4,2022,1585
Sweden,Onsala,2019,3.94,10.96,3,2022,1586
Sweden,Stockholm,2010,7.84,23.29,38,2022,1587
Sweden,Tingsryd,2018,9.59,13.33,6,2022,1588
Sweden,Umee,2010,4.29,19.35,31,2022,1589
Sweden,Växjö,2017,5.87,11,9,2022,1590
Sweden,Växjö,2019,5.98,12.86,7,2022,1591
Sweden,Visby,2010,8.47,26.41,7,2022,1592
Thailand,Bangkok,2019,23.14,43.14,37,2022,1593
Thailand,Chachoengsao,2019,16,45,21,2022,1594
Thailand,Chiang Mai,2019,33,53,23,2022,1595
Thailand,Chiang Rai,2019,37,52.5,15,2022,1596
Thailand,Chon Buri,2019,20.67,44.67,25,2022,1597
Thailand,Khon Kaen,2019,34,59,19,2022,1598
Thailand,Lampang,2019,30,45.5,10,2022,1599
Thailand,Lamphun,2019,36,57,30,2022,1600
Thailand,Mae Hong Son,2019,31,41,8,2022,1601
Thailand,Nakhon Pathom,2019,22,44,23,2022,1602
Thailand,Nan,2019,29.5,46.5,9,2022,1603
Thailand,Nonthaburi,2019,24.5,44,29,2022,1604
Thailand,Pathum Thani,2019,25,38,28,2022,1605
Thailand,Phayao,2019,18,29,9,2022,1606
Thailand,Phra Nakhon Si Ayutthaya,2019,25,53,24,2022,1607
Thailand,Prachin Buri,2019,25,42,11,2022,1608
Thailand,Ratchaburi,2019,30,54,13,2022,1609
Thailand,Rayong,2019,19.2,44.4,21,2022,1610
Thailand,Samut Prakan,2019,25.8,44.4,30,2022,1611
Thailand,Samut Sakhon,2019,29,49.5,36,2022,1612
Thailand,Saraburi,2019,23,55,32,2022,1613
Thailand,Satun,2019,14,25,6,2022,1614
Thailand,Songkhla,2019,23,33,13,2022,1615
Thailand,Tak,2019,28,54,11,2022,1616
Trinidad and Tobago,Point Lisas,2019,11.9,31.5,16,2022,1617
Trinidad and Tobago,Port Of Spain,2019,13.4,25,9,2022,1618
Turkey,Adnan Menderes,2019,14.25,34.83,23,2022,1619
Turkey,Avcılar,2019,21.52,28.08,38,2022,1620
Turkey,Bağcılar,2019,21.57,44.23,52,2022,1621
Turkey,Evliya Çelebi,2019,18.13,45.41,42,2022,1622
Turkey,Kumköy,2019,14.24,19.12,14,2022,1623
Turkey,Sarıyer,2019,20.3,34.99,31,2022,1624
Turkey,Sultan Ahmet,2019,21.42,32.31,63,2022,1625
Turkey,Üskudar,2019,17.27,30.52,64,2022,1626
United Kingdom,Aberdeen,2010,7.07,13.3,58,2022,1627
United Kingdom,Biandrate,2010,17.23,21.46,38,2022,1628
United Kingdom,Birmingham,2010,14.62,20.48,44,2022,1629
United Kingdom,Bristol,2010,14.21,20.33,48,2022,1630
United Kingdom,Carlisle,2010,15.54,22.47,33,2022,1631
United Kingdom,Chesterfield,2010,13.26,19.87,21,2022,1632
United Kingdom,Didcot,2010,9.46,13.69,12,2022,1633
United Kingdom,Edinburgh,2010,9.49,14.21,27,2022,1634
United Kingdom,Glasgow,2010,17.74,28.63,59,2022,1635
United Kingdom,Grangemouth,2010,11.01,14.4,19,2022,1636
United Kingdom,Hull,2010,9.79,18.54,28,2022,1637
United Kingdom,Inverness,2010,6.88,14.06,24,2022,1638
United Kingdom,Leamington Spa,2010,16.03,20.36,28,2022,1639
United Kingdom,Leeds,2010,16.76,20.97,44,2022,1640
United Kingdom,Liverpool,2010,11.74,17.46,29,2022,1641
United Kingdom,London,2010,14.39,22.71,49,2022,1642
United Kingdom,Middlesbrough,2010,9.43,15.1,22,2022,1643
United Kingdom,Newcastle Upon Tyne,2010,10.39,14.85,34,2022,1644
United Kingdom,Norwich,2010,12,17.8,13,2022,1645
United Kingdom,Nottingham,2010,15.86,23,40,2022,1646
United Kingdom,Oxford,2010,14.35,16.67,40,2022,1647
United Kingdom,Penicuik,2010,4.27,7.79,9,2022,1648
United Kingdom,Port Talbot,2010,9.77,21.77,19,2022,1649
United Kingdom,Salford,2010,14.99,18.52,42,2022,1650
United Kingdom,Sheffield,2010,15.72,21.7,37,2022,1651
United Kingdom,Southampton,2010,13.29,17.75,36,2022,1652
United Kingdom,Stockton-On-Tees,2010,9.37,14.42,21,2022,1653
United Kingdom,Stoke - On - Trent,2010,16.52,22.11,35,2022,1654
United Kingdom,Storrington,2010,14.45,20.38,28,2022,1655
United Kingdom,Swansea,2010,8.99,15.75,36,2022,1656
United Kingdom,Wrexham,2010,9.84,14.28,24,2022,1657
United Kingdom,York,2010,13.59,19.16,49,2022,1658
